seed,method,label,severity,severity_min,tz,start_date,clock_change,utilisation_target,utilisation,clustered,cap,tasks,start_violations,violations,v_commitment,v_sleep,v_overlap,v_break,v_cap,v_late,v_release,v_short,v_past,violation_min,coverage,unmet_weighted,unmet,fully_prepared,unchanged,moved,removed,added,displacement,day_changes,cost,subject_error,starved,runtime_ms,first_violation
1,M0,D2,light,0,Australia/Hobart,2027-03-15,true,0.7,0.705,false,120,8,2,0,0,0,0,0,0,0,0,0,0,0.0,1.0000,0.0,0.0,1.0000,0.9649,0.0000,0.0351,0,0.0,0,0.407,0.1100,0.0000,0.93,
1,M1,D2,light,0,Australia/Hobart,2027-03-15,true,0.7,0.705,false,120,8,2,0,0,0,0,0,0,0,0,0,0,0.0,1.0000,0.0,0.0,1.0000,0.9649,0.0000,0.0351,0,0.0,0,0.407,0.1100,0.0000,2.12,
1,M2,D2,light,0,Australia/Hobart,2027-03-15,true,0.7,0.705,false,120,8,2,2,2,0,0,0,0,0,0,0,0,55.0,1.0000,0.0,0.0,1.0000,0.8596,0.1404,0.0000,0,40.0,0,0.263,0.0992,0.0000,4.22,2027-04-04 Business Studies: 30 min over Work shift
1,M3,D2,light,0,Australia/Hobart,2027-03-15,true,0.7,0.705,false,120,8,2,0,0,0,0,0,0,0,0,0,0,0.0,1.0000,0.0,0.0,1.0000,0.0175,0.8947,0.0877,13,232785.0,25,19.652,0.0169,0.0000,1.67,
2,M0,D3,heavy,215,Australia/Lord_Howe,2026-11-02,false,0.85,0.848,true,240,20,0,0,0,0,0,0,0,0,0,0,0,0.0,0.9174,530.0,215.0,0.8000,0.9434,0.0000,0.0566,0,0.0,0,20.756,0.0000,0.0000,0.89,
2,M1,D3,heavy,215,Australia/Lord_Howe,2026-11-02,false,0.85,0.848,true,240,20,0,0,0,0,0,0,0,0,0,0,0,0.0,0.9315,440.0,185.0,0.8000,0.9434,0.0094,0.0472,0,15080.0,1,19.881,0.0000,0.0000,2.56,
2,M2,D3,heavy,215,Australia/Lord_Howe,2026-11-02,false,0.85,0.848,true,240,20,0,0,0,0,0,0,0,0,0,0,0,0.0,1.0000,0.0,0.0,1.0000,0.1792,0.7642,0.0566,1,108470.0,69,54.565,0.0000,0.0000,3.89,
2,M3,D3,heavy,215,Australia/Lord_Howe,2026-11-02,false,0.85,0.848,true,240,20,0,0,0,0,0,0,0,0,0,0,0,0.0,1.0000,0.0,0.0,1.0000,0.0377,0.6604,0.3019,7,89295.0,54,55.760,0.0081,0.0000,1.57,
3,M0,D4,light,55,Australia/Lord_Howe,2027-03-15,true,0.95,0.951,false,120,15,0,0,0,0,0,0,0,0,0,0,0,0.0,0.9430,165.0,55.0,0.9167,0.9697,0.0000,0.0303,0,0.0,0,1.351,0.1289,0.0000,0.79,
3,M1,D4,light,55,Australia/Lord_Howe,2027-03-15,true,0.95,0.951,false,120,15,0,0,0,0,0,0,0,0,0,0,0,0.0,1.0000,0.0,0.0,1.0000,0.9697,0.0303,0.0000,1,145.0,0,1.074,0.1289,0.0000,3.57,
3,M2,D4,light,55,Australia/Lord_Howe,2027-03-15,true,0.95,0.951,false,120,15,0,0,0,0,0,0,0,0,0,0,0,0.0,1.0000,0.0,0.0,1.0000,0.8182,0.1818,0.0000,0,370.0,0,2.179,0.1289,0.0000,2.29,
3,M3,D4,light,55,Australia/Lord_Howe,2027-03-15,true,0.95,0.951,false,120,15,0,0,0,0,0,0,0,0,0,0,0,0.0,1.0000,0.0,0.0,1.0000,0.0000,0.7879,0.2121,12,42070.0,7,12.202,0.0160,0.0000,0.98,
4,M0,D5,heavy,240,Europe/London,2026-11-02,false,1.1,1.099,true,180,21,0,0,0,0,0,0,0,0,0,0,0,0.0,0.9710,240.0,240.0,0.9524,1.0000,0.0000,0.0000,0,0.0,0,0.000,0.0000,0.0000,0.77,
4,M1,D5,heavy,240,Europe/London,2026-11-02,false,1.1,1.099,true,180,21,0,0,0,0,0,0,0,0,0,0,0,0.0,0.9710,240.0,240.0,0.9524,1.0000,0.0000,0.0000,0,0.0,0,0.000,0.0000,0.0000,1.90,
4,M2,D5,heavy,240,Europe/London,2026-11-02,false,1.1,1.099,true,180,21,0,0,0,0,0,0,0,0,0,0,0,0.0,1.0000,0.0,0.0,1.0000,0.0694,0.8889,0.0417,12,113805.0,53,32.285,0.0509,0.0000,2.97,
4,M3,D5,heavy,240,Europe/London,2026-11-02,false,1.1,1.099,true,180,21,0,0,0,0,0,0,0,0,0,0,0,0.0,1.0000,0.0,0.0,1.0000,0.0694,0.8194,0.1111,12,112415.0,55,37.268,0.0007,0.0000,1.11,
5,M0,D6,heavy,320,Australia/Darwin,2026-11-02,false,0.5,0.503,true,210,8,0,0,0,0,0,0,0,0,0,0,0,0.0,0.7070,400.0,320.0,0.3750,0.9091,0.0000,0.0909,0,0.0,0,16.404,0.0348,0.0000,0.71,
5,M1,D6,heavy,320,Australia/Darwin,2026-11-02,false,0.5,0.503,true,210,8,0,0,0,0,0,0,0,0,0,0,0,0.0,1.0000,0.0,0.0,1.0000,0.9091,0.0909,0.0000,5,27535.0,5,13.469,0.0128,0.0000,1.80,
5,M2,D6,heavy,320,Australia/Darwin,2026-11-02,false,0.5,0.503,true,210,8,0,0,0,0,0,0,0,0,0,0,0,0.0,1.0000,0.0,0.0,1.0000,0.6545,0.3455,0.0000,3,40560.0,19,28.305,0.0128,0.0000,2.25,
5,M3,D6,heavy,320,Australia/Darwin,2026-11-02,false,0.5,0.503,true,210,8,0,0,0,0,0,0,0,0,0,0,0,0.0,1.0000,0.0,0.0,1.0000,0.0000,0.8364,0.1636,10,305780.0,41,37.021,0.0232,0.0000,1.12,
6,M0,D1,light,45,Australia/Adelaide,2027-03-15,true,0.7,0.696,true,240,18,0,0,0,0,0,0,0,0,0,0,0,0.0,0.9817,45.0,45.0,0.9231,1.0000,0.0000,0.0000,0,0.0,0,0.000,0.0000,0.0000,0.52,
6,M1,D1,light,45,Australia/Adelaide,2027-03-15,true,0.7,0.696,true,240,18,0,0,0,0,0,0,0,0,0,0,0,0.0,1.0000,0.0,0.0,1.0000,1.0000,0.0000,0.0000,2,0.0,0,1.141,0.0000,0.0000,1.42,
6,M2,D1,light,45,Australia/Adelaide,2027-03-15,true,0.7,0.696,true,240,18,0,0,0,0,0,0,0,0,0,0,0,0.0,1.0000,0.0,0.0,1.0000,0.8136,0.1695,0.0169,1,4505.0,2,12.476,0.0000,0.0000,1.72,
6,M3,D1,light,45,Australia/Adelaide,2027-03-15,true,0.7,0.696,true,240,18,0,0,0,0,0,0,0,0,0,0,0,0.0,1.0000,0.0,0.0,1.0000,0.0169,0.8475,0.1356,2,348490.0,35,32.179,0.0127,0.0000,0.91,
7,M0,D2,light,0,Australia/Sydney,2026-10-19,false,0.85,0.848,true,120,14,0,0,0,0,0,0,0,0,0,0,0,0.0,1.0000,0.0,0.0,1.0000,1.0000,0.0000,0.0000,0,0.0,0,0.000,0.0000,0.0000,0.70,
7,M1,D2,light,0,Australia/Sydney,2026-10-19,false,0.85,0.848,true,120,14,0,0,0,0,0,0,0,0,0,0,0,0.0,1.0000,0.0,0.0,1.0000,1.0000,0.0000,0.0000,0,0.0,0,0.000,0.0000,0.0000,1.76,
7,M2,D2,light,0,Australia/Sydney,2026-10-19,false,0.85,0.848,true,120,14,0,0,0,0,0,0,0,0,0,0,0,0.0,1.0000,0.0,0.0,1.0000,1.0000,0.0000,0.0000,0,0.0,0,0.000,0.0000,0.0000,2.51,
7,M3,D2,light,0,Australia/Sydney,2026-10-19,false,0.85,0.848,true,120,14,0,0,0,0,0,0,0,0,0,0,0,0.0,1.0000,0.0,0.0,1.0000,0.0000,0.7576,0.2424,3,53830.0,12,16.413,0.0022,0.0000,1.15,
8,M0,D3,light,0,Australia/Melbourne,2026-11-02,false,0.95,0.952,false,90,10,0,0,0,0,0,0,0,0,0,0,0,0.0,1.0000,0.0,0.0,1.0000,1.0000,0.0000,0.0000,0,0.0,0,0.000,0.0706,0.0000,0.72,
8,M1,D3,light,0,Australia/Melbourne,2026-11-02,false,0.95,0.952,false,90,10,0,0,0,0,0,0,0,0,0,0,0,0.0,1.0000,0.0,0.0,1.0000,1.0000,0.0000,0.0000,0,0.0,0,0.000,0.0706,0.0000,2.00,
8,M2,D3,light,0,Australia/Melbourne,2026-11-02,false,0.95,0.952,false,90,10,0,0,0,0,0,0,0,0,0,0,0,0.0,1.0000,0.0,0.0,1.0000,1.0000,0.0000,0.0000,0,0.0,0,0.000,0.0706,0.0000,2.48,
8,M3,D3,light,0,Australia/Melbourne,2026-11-02,false,0.95,0.952,false,90,10,0,0,0,0,0,0,0,0,0,0,0,0.0,1.0000,0.0,0.0,1.0000,0.0000,0.7907,0.2093,8,75990.0,17,14.671,0.0514,0.0000,1.08,
9,M0,D4,medium,60,Australia/Melbourne,2026-10-12,false,1.1,1.094,true,240,20,1,0,0,0,0,0,0,0,0,0,0,0.0,0.9720,255.0,105.0,0.8500,0.9779,0.0000,0.0221,0,0.0,0,2.607,0.0000,0.0000,0.66,
9,M1,D4,medium,60,Australia/Melbourne,2026-10-12,false,1.1,1.094,true,240,20,1,0,0,0,0,0,0,0,0,0,0,0.0,0.9901,90.0,30.0,0.9500,0.9779,0.0221,0.0000,0,3105.0,0,1.304,0.0000,0.0000,1.73,
9,M2,D4,medium,60,Australia/Melbourne,2026-10-12,false,1.1,1.094,true,240,20,1,1,0,0,0,0,0,1,0,0,0,15.0,0.9852,135.0,45.0,0.9000,0.9265,0.0735,0.0000,0,1875.0,0,2.599,0.0000,0.0000,3.82,2026-10-22 t9: ends after due
9,M3,D4,medium,60,Australia/Melbourne,2026-10-12,false,1.1,1.094,true,240,20,1,0,0,0,0,0,0,0,0,0,0,0.0,1.0000,0.0,0.0,1.0000,0.0294,0.8235,0.1471,8,156505.0,81,52.770,0.0099,0.0000,1.06,
10,M0,D5,medium,180,Australia/Adelaide,2027-02-08,false,0.5,0.554,true,90,7,0,0,0,0,0,0,0,0,0,0,0,0.0,0.5789,360.0,180.0,0.8571,1.0000,0.0000,0.0000,0,0.0,0,0.000,0.0000,0.0000,0.74,
10,M1,D5,medium,180,Australia/Adelaide,2027-02-08,false,0.5,0.554,true,90,7,0,0,0,0,0,0,0,0,0,0,0,0.0,1.0000,0.0,0.0,1.0000,1.0000,0.0000,0.0000,5,0.0,0,3.576,0.0000,0.0000,1.77,
10,M2,D5,medium,180,Australia/Adelaide,2027-02-08,false,0.5,0.554,true,90,7,0,0,0,0,0,0,0,0,0,0,0,0.0,1.0000,0.0,0.0,1.0000,0.8571,0.0476,0.0952,5,1315.0,1,4.350,0.0000,0.0000,2.07,
10,M3,D5,medium,180,Australia/Adelaide,2027-02-08,false,0.5,0.554,true,90,7,0,0,0,0,0,0,0,0,0,0,0,0.0,1.0000,0.0,0.0,1.0000,0.0000,0.6190,0.3810,8,84530.0,11,11.103,0.0089,0.0000,1.02,
11,M0,D6,heavy,265,Australia/Adelaide,2027-02-08,false,0.7,0.696,false,210,17,0,0,0,0,0,0,0,0,0,0,0,0.0,0.8804,400.0,265.0,0.7647,0.9242,0.0000,0.0758,0,0.0,0,17.510,0.0411,0.0000,0.70,
11,M1,D6,heavy,265,Australia/Adelaide,2027-02-08,false,0.7,0.696,false,210,17,0,0,0,0,0,0,0,0,0,0,0,0.0,0.8804,400.0,265.0,0.7647,0.9242,0.0000,0.0758,0,0.0,0,17.510,0.0411,0.0000,1.75,
11,M2,D6,heavy,265,Australia/Adelaide,2027-02-08,false,0.7,0.696,false,210,17,0,0,0,0,0,0,0,0,0,0,0,0.0,1.0000,0.0,0.0,1.0000,0.3030,0.6515,0.0455,4,75985.0,43,40.736,0.0000,0.0000,3.49,
11,M3,D6,heavy,265,Australia/Adelaide,2027-02-08,false,0.7,0.696,false,210,17,0,0,0,0,0,0,0,0,0,0,0,0.0,1.0000,0.0,0.0,1.0000,0.0000,0.7879,0.2121,6,169530.0,50,44.560,0.0191,0.0000,1.35,
12,M0,D1,light,40,Australia/Brisbane,2027-03-15,false,0.85,0.848,false,240,20,0,0,0,0,0,0,0,0,0,0,0,0.0,0.9866,80.0,40.0,0.9474,1.0000,0.0000,0.0000,0,0.0,0,0.000,0.0000,0.0000,0.59,
12,M1,D1,light,40,Australia/Brisbane,2027-03-15,false,0.85,0.848,false,240,20,0,0,0,0,0,0,0,0,0,0,0,0.0,0.9866,80.0,40.0,0.9474,1.0000,0.0000,0.0000,0,0.0,0,0.000,0.0000,0.0000,1.56,
12,M2,D1,light,40,Australia/Brisbane,2027-03-15,false,0.85,0.848,false,240,20,0,0,0,0,0,0,0,0,0,0,0,0.0,1.0000,0.0,0.0,1.0000,0.5638,0.3936,0.0426,1,24295.0,15,12.716,0.0000,0.0000,2.35,
12,M3,D1,light,40,Australia/Brisbane,2027-03-15,false,0.85,0.848,false,240,20,0,0,0,0,0,0,0,0,0,0,0,0.0,1.0000,0.0,0.0,1.0000,0.0213,0.7340,0.2447,3,75315.0,37,46.342,0.0067,0.0000,0.93,
13,M0,D2,light,0,Australia/Adelaide,2026-10-12,false,0.95,0.951,true,120,15,0,0,0,0,0,0,0,0,0,0,0,0.0,1.0000,0.0,0.0,1.0000,1.0000,0.0000,0.0000,0,0.0,0,0.000,0.1143,0.0000,0.56,
13,M1,D2,light,0,Australia/Adelaide,2026-10-12,false,0.95,0.951,true,120,15,0,0,0,0,0,0,0,0,0,0,0,0.0,1.0000,0.0,0.0,1.0000,1.0000,0.0000,0.0000,0,0.0,0,0.000,0.1143,0.0000,1.45,
13,M2,D2,light,0,Australia/Adelaide,2026-10-12,false,0.95,0.951,true,120,15,0,0,0,0,0,0,0,0,0,0,0,0.0,1.0000,0.0,0.0,1.0000,0.3091,0.6909,0.0000,2,13925.0,7,5.576,0.1143,0.0000,2.10,
13,M3,D2,light,0,Australia/Adelaide,2026-10-12,false,0.95,0.951,true,120,15,0,0,0,0,0,0,0,0,0,0,0,0.0,1.0000,0.0,0.0,1.0000,0.0364,0.7818,0.1818,4,78595.0,20,17.579,0.0368,0.0000,0.88,
14,M0,D3,light,0,Australia/Perth,2026-11-16,false,1.1,1.094,false,120,17,0,0,0,0,0,0,0,0,0,0,0,0.0,1.0000,0.0,0.0,1.0000,1.0000,0.0000,0.0000,0,0.0,0,0.000,0.0439,0.0000,0.62,
14,M1,D3,light,0,Australia/Perth,2026-11-16,false,1.1,1.094,false,120,17,0,0,0,0,0,0,0,0,0,0,0,0.0,1.0000,0.0,0.0,1.0000,1.0000,0.0000,0.0000,0,0.0,0,0.000,0.0439,0.0000,1.56,
14,M2,D3,light,0,Australia/Perth,2026-11-16,false,1.1,1.094,false,120,17,0,0,0,0,0,0,0,0,0,0,0,0.0,1.0000,0.0,0.0,1.0000,1.0000,0.0000,0.0000,0,0.0,0,0.000,0.0439,0.0000,2.17,
14,M3,D3,light,0,Australia/Perth,2026-11-16,false,1.1,1.094,false,120,17,0,0,0,0,0,0,0,0,0,0,0,0.0,1.0000,0.0,0.0,1.0000,0.0000,0.7895,0.2105,7,26720.0,10,14.242,0.0395,0.0000,0.91,
15,M0,D4,light,0,Australia/Melbourne,2026-11-16,false,0.5,0.504,true,150,6,0,0,0,0,0,0,0,0,0,0,0,0.0,1.0000,0.0,0.0,1.0000,1.0000,0.0000,0.0000,0,0.0,0,0.000,0.0062,0.0000,0.62,
15,M1,D4,light,0,Australia/Melbourne,2026-11-16,false,0.5,0.504,true,150,6,0,0,0,0,0,0,0,0,0,0,0,0.0,1.0000,0.0,0.0,1.0000,1.0000,0.0000,0.0000,0,0.0,0,0.000,0.0062,0.0000,1.60,
15,M2,D4,light,0,Australia/Melbourne,2026-11-16,false,0.5,0.504,true,150,6,0,0,0,0,0,0,0,0,0,0,0,0.0,1.0000,0.0,0.0,1.0000,1.0000,0.0000,0.0000,0,0.0,0,0.000,0.0062,0.0000,1.83,
15,M3,D4,light,0,Australia/Melbourne,2026-11-16,false,0.5,0.504,true,150,6,0,0,0,0,0,0,0,0,0,0,0,0.0,1.0000,0.0,0.0,1.0000,0.0189,0.8113,0.1698,2,330330.0,29,21.982,0.0602,0.0000,0.92,
16,M0,D5,heavy,210,Australia/Hobart,2026-10-19,false,0.7,0.689,false,150,14,0,0,0,0,0,0,0,0,0,0,0,0.0,0.7921,630.0,210.0,0.9167,1.0000,0.0000,0.0000,0,0.0,0,0.000,0.0000,0.0000,0.76,
16,M1,D5,heavy,210,Australia/Hobart,2026-10-19,false,0.7,0.689,false,150,14,0,0,0,0,0,0,0,0,0,0,0,0.0,1.0000,0.0,0.0,1.0000,1.0000,0.0000,0.0000,6,0.0,0,1.212,0.0000,0.0000,1.60,
16,M2,D5,heavy,210,Australia/Hobart,2026-10-19,false,0.7,0.689,false,150,14,0,1,0,0,0,1,0,0,0,0,0,0.0,1.0000,0.0,0.0,1.0000,0.5333,0.4000,0.0667,6,22315.0,9,17.084,0.0049,0.0000,2.13,"2026-10-25: 0 min break, needs 15"
16,M3,D5,heavy,210,Australia/Hobart,2026-10-19,false,0.7,0.689,false,150,14,0,0,0,0,0,0,0,0,0,0,0,0.0,1.0000,0.0,0.0,1.0000,0.0000,0.8333,0.1667,7,148995.0,24,25.355,0.0191,0.0000,1.00,
17,M0,D6,medium,165,Australia/Darwin,2027-03-15,false,0.85,0.844,false,120,15,0,0,0,0,0,0,0,0,0,0,0,0.0,0.9257,195.0,165.0,0.8571,1.0000,0.0000,0.0000,0,0.0,0,0.000,0.0889,0.0000,0.79,
17,M1,D6,medium,165,Australia/Darwin,2027-03-15,false,0.85,0.844,false,120,15,0,0,0,0,0,0,0,0,0,0,0,0.0,0.9257,195.0,165.0,0.8571,1.0000,0.0000,0.0000,0,0.0,0,0.000,0.0889,0.0000,1.76,
17,M2,D6,medium,165,Australia/Darwin,2027-03-15,false,0.85,0.844,false,120,15,0,0,0,0,0,0,0,0,0,0,0,0.0,0.9657,90.0,30.0,0.9286,0.2188,0.6250,0.1563,6,36095.0,18,19.423,0.0733,0.0000,2.28,
17,M3,D6,medium,165,Australia/Darwin,2027-03-15,false,0.85,0.844,false,120,15,0,0,0,0,0,0,0,0,0,0,0,0.0,1.0000,0.0,0.0,1.0000,0.0000,0.7813,0.2188,9,48505.0,20,20.090,0.0193,0.0000,1.19,
18,M0,D1,light,40,Australia/Brisbane,2026-11-16,false,0.95,0.942,true,120,17,1,0,0,0,0,0,0,0,0,0,0,0.0,0.9588,160.0,65.0,0.8824,0.9853,0.0000,0.0147,0,0.0,0,0.812,0.0000,0.0000,0.66,
18,M1,D1,light,40,Australia/Brisbane,2026-11-16,false,0.95,0.942,true,120,17,1,0,0,0,0,0,0,0,0,0,0,0.0,0.9820,70.0,35.0,0.9412,0.9853,0.0000,0.0147,1,0.0,0,1.023,0.0000,0.0000,1.64,
18,M2,D1,light,40,Australia/Brisbane,2026-11-16,false,0.95,0.942,true,120,17,1,1,0,0,0,0,0,1,0,0,0,35.0,0.9820,70.0,35.0,0.9412,0.5441,0.3971,0.0588,1,21490.0,10,7.012,0.0000,0.0000,2.20,2026-11-22 t7: ends after due
18,M3,D1,light,40,Australia/Brisbane,2026-11-16,false,0.95,0.942,true,120,17,1,0,0,0,0,0,0,0,0,0,0,0.0,1.0000,0.0,0.0,1.0000,0.0735,0.6471,0.2794,3,23525.0,15,19.472,0.0212,0.0000,0.97,
19,M0,D2,light,50,Australia/Sydney,2026-11-16,false,1.1,1.107,false,90,11,0,0,0,0,0,0,0,0,0,0,0,0.0,0.9577,80.0,40.0,0.8889,0.9750,0.0000,0.0250,0,0.0,0,3.932,0.0629,0.0000,0.60,
19,M1,D2,light,50,Australia/Sydney,2026-11-16,false,1.1,1.107,false,90,11,0,0,0,0,0,0,0,0,0,0,0,0.0,1.0000,0.0,0.0,1.0000,0.9750,0.0250,0.0000,0,95.0,0,1.556,0.0629,0.0000,1.62,
19,M2,D2,light,50,Australia/Sydney,2026-11-16,false,1.1,1.107,false,90,11,0,0,0,0,0,0,0,0,0,0,0,0.0,1.0000,0.0,0.0,1.0000,0.5500,0.3500,0.1000,0,20040.0,9,10.257,0.0629,0.0000,1.86,
19,M3,D2,light,50,Australia/Sydney,2026-11-16,false,1.1,1.107,false,90,11,0,0,0,0,0,0,0,0,0,0,0,0.0,1.0000,0.0,0.0,1.0000,0.0000,0.7750,0.2250,3,62020.0,18,17.502,0.0266,0.0000,0.89,
20,M0,D3,light,0,Australia/Lord_Howe,2026-11-16,false,0.5,0.839,false,90,6,0,0,0,0,0,0,0,0,0,0,0,0.0,1.0000,0.0,0.0,1.0000,1.0000,0.0000,0.0000,0,0.0,0,0.000,0.0059,0.0000,0.65,
20,M1,D3,light,0,Australia/Lord_Howe,2026-11-16,false,0.5,0.839,false,90,6,0,0,0,0,0,0,0,0,0,0,0,0.0,1.0000,0.0,0.0,1.0000,1.0000,0.0000,0.0000,0,0.0,0,0.000,0.0059,0.0000,1.65,
20,M2,D3,light,0,Australia/Lord_Howe,2026-11-16,false,0.5,0.839,false,90,6,0,0,0,0,0,0,0,0,0,0,0,0.0,1.0000,0.0,0.0,1.0000,1.0000,0.0000,0.0000,0,0.0,0,0.000,0.0059,0.0000,2.08,
20,M3,D3,light,0,Australia/Lord_Howe,2026-11-16,false,0.5,0.839,false,90,6,0,0,0,0,0,0,0,0,0,0,0,0.0,1.0000,0.0,0.0,1.0000,0.0000,0.6667,0.3333,0,100060.0,27,17.208,0.1164,0.0000,0.92,
21,M0,D4,light,0,Australia/Perth,2026-11-02,false,0.7,0.704,false,150,12,0,0,0,0,0,0,0,0,0,0,0,0.0,0.9897,30.0,15.0,0.9000,1.0000,0.0000,0.0000,0,0.0,0,0.000,0.0336,0.0000,0.81,
21,M1,D4,light,0,Australia/Perth,2026-11-02,false,0.7,0.704,false,150,12,0,0,0,0,0,0,0,0,0,0,0,0.0,0.9897,30.0,15.0,0.9000,1.0000,0.0000,0.0000,0,0.0,0,0.000,0.0336,0.0000,1.88,
21,M2,D4,light,0,Australia/Perth,2026-11-02,false,0.7,0.704,false,150,12,0,0,0,0,0,0,0,0,0,0,0,0.0,1.0000,0.0,0.0,1.0000,0.5758,0.3939,0.0303,2,1730.0,1,2.836,0.0336,0.0000,2.40,
21,M3,D4,light,0,Australia/Perth,2026-11-02,false,0.7,0.704,false,150,12,0,0,0,0,0,0,0,0,0,0,0,0.0,1.0000,0.0,0.0,1.0000,0.0000,0.7879,0.2121,8,72520.0,8,11.990,0.0120,0.0000,1.09,
22,M0,D5,heavy,210,Australia/Hobart,2026-09-21,true,0.85,0.857,true,90,11,0,0,0,0,0,0,0,0,0,0,0,0.0,0.9303,210.0,210.0,0.9091,1.0000,0.0000,0.0000,0,0.0,0,0.000,0.0203,0.0000,0.83,
22,M1,D5,heavy,210,Australia/Hobart,2026-09-21,true,0.85,0.857,true,90,11,0,0,0,0,0,0,0,0,0,0,0,0.0,0.9303,210.0,210.0,0.9091,1.0000,0.0000,0.0000,0,0.0,0,0.000,0.0203,0.0000,1.98,
22,M2,D5,heavy,210,Australia/Hobart,2026-09-21,true,0.85,0.857,true,90,11,0,0,0,0,0,0,0,0,0,0,0,0.0,0.9701,90.0,90.0,0.9091,0.3784,0.6216,0.0000,3,50490.0,22,15.099,0.0190,0.0000,2.61,
22,M3,D5,heavy,210,Australia/Hobart,2026-09-21,true,0.85,0.857,true,90,11,0,0,0,0,0,0,0,0,0,0,0,0.0,1.0000,0.0,0.0,1.0000,0.0000,0.7297,0.2703,10,91390.0,27,23.364,0.0013,0.0000,1.15,
23,M0,D6,medium,105,Australia/Sydney,2027-03-15,true,0.95,0.951,true,240,20,0,0,0,0,0,0,0,0,0,0,0,0.0,0.9815,140.0,105.0,0.8500,0.9815,0.0000,0.0185,0,0.0,0,3.919,0.0493,0.0000,0.69,
23,M1,D6,medium,105,Australia/Sydney,2027-03-15,true,0.95,0.951,true,240,20,0,0,0,0,0,0,0,0,0,0,0,0.0,1.0000,0.0,0.0,1.0000,0.9815,0.0185,0.0000,2,745.0,0,2.933,0.0355,0.0000,1.64,
23,M2,D6,medium,105,Australia/Sydney,2027-03-15,true,0.95,0.951,true,240,20,0,1,0,0,0,1,0,0,0,0,0,0.0,1.0000,0.0,0.0,1.0000,0.4630,0.5185,0.0185,3,34715.0,12,15.740,0.0355,0.0000,2.75,"2027-03-17: 0 min break, needs 15"
23,M3,D6,medium,105,Australia/Sydney,2027-03-15,true,0.95,0.951,true,240,20,0,0,0,0,0,0,0,0,0,0,0,0.0,1.0000,0.0,0.0,1.0000,0.0463,0.8148,0.1389,10,135220.0,54,40.674,0.0101,0.0000,1.10,
24,M0,D1,medium,60,Australia/Brisbane,2026-11-02,false,1.1,1.087,true,240,20,0,0,0,0,0,0,0,0,0,0,0,0.0,0.9749,250.0,125.0,0.9000,1.0000,0.0000,0.0000,0,0.0,0,0.000,0.0579,0.0000,0.57,
24,M1,D1,medium,60,Australia/Brisbane,2026-11-02,false,1.1,1.087,true,240,20,0,0,0,0,0,0,0,0,0,0,0,0.0,0.9749,250.0,125.0,0.9000,1.0000,0.0000,0.0000,0,0.0,0,0.000,0.0579,0.0000,1.49,
24,M2,D1,medium,60,Australia/Brisbane,2026-11-02,false,1.1,1.087,true,240,20,0,0,0,0,0,0,0,0,0,0,0,0.0,0.9870,130.0,65.0,0.9500,0.5341,0.4545,0.0114,5,19525.0,9,7.653,0.0663,0.0000,2.28,
24,M3,D1,medium,60,Australia/Brisbane,2026-11-02,false,1.1,1.087,true,240,20,0,0,0,0,0,0,0,0,0,0,0,0.0,1.0000,0.0,0.0,1.0000,0.0682,0.8182,0.1136,16,58665.0,36,29.834,0.0181,0.0000,0.91,
25,M0,D2,light,0,Australia/Hobart,2026-11-16,false,0.5,0.634,false,120,6,0,0,0,0,0,0,0,0,0,0,0,0.0,1.0000,0.0,0.0,1.0000,1.0000,0.0000,0.0000,0,0.0,0,0.000,0.0404,0.0000,0.59,
25,M1,D2,light,0,Australia/Hobart,2026-11-16,false,0.5,0.634,false,120,6,0,0,0,0,0,0,0,0,0,0,0,0.0,1.0000,0.0,0.0,1.0000,1.0000,0.0000,0.0000,0,0.0,0,0.000,0.0404,0.0000,1.54,
25,M2,D2,light,0,Australia/Hobart,2026-11-16,false,0.5,0.634,false,120,6,0,0,0,0,0,0,0,0,0,0,0,0.0,1.0000,0.0,0.0,1.0000,0.9500,0.0500,0.0000,0,1400.0,1,2.779,0.0404,0.0000,1.73,
25,M3,D2,light,0,Australia/Hobart,2026-11-16,false,0.5,0.634,false,120,6,0,0,0,0,0,0,0,0,0,0,0,0.0,1.0000,0.0,0.0,1.0000,0.0000,0.8833,0.1167,0,454965.0,38,19.207,0.0508,0.0000,0.94,
26,M0,D3,medium,90,Australia/Adelaide,2026-11-16,false,0.7,0.702,true,90,6,0,0,0,0,0,0,0,0,0,0,0,0.0,0.8500,90.0,90.0,0.6667,0.9394,0.0000,0.0606,0,0.0,0,6.555,0.0892,0.0000,0.73,
26,M1,D3,medium,90,Australia/Adelaide,2026-11-16,false,0.7,0.702,true,90,6,0,0,0,0,0,0,0,0,0,0,0,0.0,1.0000,0.0,0.0,1.0000,0.9394,0.0606,0.0000,1,6205.0,2,5.155,0.0595,0.0000,1.79,
26,M2,D3,medium,90,Australia/Adelaide,2026-11-16,false,0.7,0.702,true,90,6,0,0,0,0,0,0,0,0,0,0,0,0.0,1.0000,0.0,0.0,1.0000,0.8485,0.1515,0.0000,0,7315.0,5,8.541,0.0595,0.0000,2.08,
26,M3,D3,medium,90,Australia/Adelaide,2026-11-16,false,0.7,0.702,true,90,6,0,0,0,0,0,0,0,0,0,0,0,0.0,1.0000,0.0,0.0,1.0000,0.0000,0.8788,0.1212,10,241015.0,24,14.726,0.0644,0.0000,1.03,
27,M0,D4,light,0,Australia/Brisbane,2026-09-21,false,0.85,0.848,true,120,10,0,0,0,0,0,0,0,0,0,0,0,0.0,1.0000,0.0,0.0,1.0000,1.0000,0.0000,0.0000,0,0.0,0,0.000,0.0439,0.0000,0.56,
27,M1,D4,light,0,Australia/Brisbane,2026-09-21,false,0.85,0.848,true,120,10,0,0,0,0,0,0,0,0,0,0,0,0.0,1.0000,0.0,0.0,1.0000,1.0000,0.0000,0.0000,0,0.0,0,0.000,0.0439,0.0000,1.40,
27,M2,D4,light,0,Australia/Brisbane,2026-09-21,false,0.85,0.848,true,120,10,0,0,0,0,0,0,0,0,0,0,0,0.0,1.0000,0.0,0.0,1.0000,0.7541,0.2459,0.0000,0,1800.0,0,4.135,0.0439,0.0000,1.65,
27,M3,D4,light,0,Australia/Brisbane,2026-09-21,false,0.85,0.848,true,120,10,0,0,0,0,0,0,0,0,0,0,0,0.0,0.9979,5.0,5.0,0.9000,0.0164,0.7213,0.2623,1,199785.0,24,30.073,0.0771,0.0000,0.81,
28,M0,D5,medium,150,Australia/Brisbane,2027-02-08,false,0.95,0.949,false,210,21,0,0,0,0,0,0,0,0,0,0,0,0.0,0.9504,300.0,150.0,0.9412,1.0000,0.0000,0.0000,0,0.0,0,0.000,0.1095,0.0000,0.68,
28,M1,D5,medium,150,Australia/Brisbane,2027-02-08,false,0.95,0.949,false,210,21,0,0,0,0,0,0,0,0,0,0,0,0.0,0.9504,300.0,150.0,0.9412,1.0000,0.0000,0.0000,0,0.0,0,0.000,0.1095,0.0000,1.70,
28,M2,D5,medium,150,Australia/Brisbane,2027-02-08,false,0.95,0.949,false,210,21,0,0,0,0,0,0,0,0,0,0,0,0.0,1.0000,0.0,0.0,1.0000,0.4058,0.5507,0.0435,4,46080.0,25,21.955,0.1095,0.0000,2.70,
28,M3,D5,medium,150,Australia/Brisbane,2027-02-08,false,0.95,0.949,false,210,21,0,0,0,0,0,0,0,0,0,0,0,0.0,1.0000,0.0,0.0,1.0000,0.0145,0.8406,0.1449,16,79595.0,39,30.537,0.0178,0.0000,0.97,
29,M0,D6,medium,90,Australia/Melbourne,2026-09-21,true,1.1,1.098,true,180,20,0,0,0,0,0,0,0,0,0,0,0,0.0,0.9641,270.0,90.0,0.9000,0.9844,0.0000,0.0156,0,0.0,0,2.414,0.0000,0.0000,0.65,
29,M1,D6,medium,90,Australia/Melbourne,2026-09-21,true,1.1,1.098,true,180,20,0,0,0,0,0,0,0,0,0,0,0,0.0,0.9880,90.0,30.0,0.9500,0.9844,0.0156,0.0000,0,1020.0,0,1.207,0.0000,0.0000,1.69,
29,M2,D6,medium,90,Australia/Melbourne,2026-09-21,true,1.1,1.098,true,180,20,0,0,0,0,0,0,0,0,0,0,0,0.0,1.0000,0.0,0.0,1.0000,0.6016,0.3906,0.0078,3,22135.0,6,6.667,0.0000,0.0000,3.17,
29,M3,D6,medium,90,Australia/Melbourne,2026-09-21,true,1.1,1.098,true,180,20,0,0,0,0,0,0,0,0,0,0,0,0.0,1.0000,0.0,0.0,1.0000,0.0469,0.8672,0.0859,8,130400.0,59,43.928,0.0000,0.0000,1.10,
30,M0,D1,light,55,Europe/London,2026-11-16,false,0.5,0.500,true,180,6,0,0,0,0,0,0,0,0,0,0,0,0.0,1.0000,0.0,0.0,1.0000,1.0000,0.0000,0.0000,0,0.0,0,0.000,0.0931,0.0000,0.65,
30,M1,D1,light,55,Europe/London,2026-11-16,false,0.5,0.500,true,180,6,0,0,0,0,0,0,0,0,0,0,0,0.0,1.0000,0.0,0.0,1.0000,1.0000,0.0000,0.0000,0,0.0,0,0.000,0.0931,0.0000,1.58,
30,M2,D1,light,55,Europe/London,2026-11-16,false,0.5,0.500,true,180,6,0,0,0,0,0,0,0,0,0,0,0,0.0,1.0000,0.0,0.0,1.0000,0.9600,0.0400,0.0000,1,1585.0,1,3.153,0.0798,0.0000,1.80,
30,M3,D1,light,55,Europe/London,2026-11-16,false,0.5,0.500,true,180,6,0,0,0,0,0,0,0,0,0,0,0,0.0,1.0000,0.0,0.0,1.0000,0.0400,0.9200,0.0400,8,306425.0,19,8.438,0.0598,0.0000,0.95,
31,M0,D2,light,15,Australia/Darwin,2027-02-08,false,0.7,0.699,false,240,19,0,0,0,0,0,0,0,0,0,0,0,0.0,0.9961,15.0,15.0,0.9474,0.9828,0.0000,0.0172,0,0.0,0,1.722,0.0263,0.0000,0.60,
31,M1,D2,light,15,Australia/Darwin,2027-02-08,false,0.7,0.699,false,240,19,0,0,0,0,0,0,0,0,0,0,0,0.0,1.0000,0.0,0.0,1.0000,0.9828,0.0172,0.0000,0,645.0,0,0.861,0.0263,0.0000,1.52,
31,M2,D2,light,15,Australia/Darwin,2027-02-08,false,0.7,0.699,false,240,19,0,0,0,0,0,0,0,0,0,0,0,0.0,1.0000,0.0,0.0,1.0000,0.8966,0.1034,0.0000,0,2300.0,0,3.060,0.0263,0.0000,2.13,
31,M3,D2,light,15,Australia/Darwin,2027-02-08,false,0.7,0.699,false,240,19,0,0,0,0,0,0,0,0,0,0,0,0.0,1.0000,0.0,0.0,1.0000,0.0345,0.7414,0.2241,9,86395.0,8,20.986,0.0001,0.0000,0.92,
32,M0,D3,light,0,Australia/Brisbane,2026-11-02,false,0.85,0.854,false,150,14,0,0,0,0,0,0,0,0,0,0,0,0.0,1.0000,0.0,0.0,1.0000,1.0000,0.0000,0.0000,0,0.0,0,0.000,0.0288,0.0000,0.60,
32,M1,D3,light,0,Australia/Brisbane,2026-11-02,false,0.85,0.854,false,150,14,0,0,0,0,0,0,0,0,0,0,0,0.0,1.0000,0.0,0.0,1.0000,1.0000,0.0000,0.0000,0,0.0,0,0.000,0.0288,0.0000,1.53,
32,M2,D3,light,0,Australia/Brisbane,2026-11-02,false,0.85,0.854,false,150,14,0,0,0,0,0,0,0,0,0,0,0,0.0,1.0000,0.0,0.0,1.0000,1.0000,0.0000,0.0000,0,0.0,0,0.000,0.0288,0.0000,2.11,
32,M3,D3,light,0,Australia/Brisbane,2026-11-02,false,0.85,0.854,false,150,14,0,0,0,0,0,0,0,0,0,0,0,0.0,1.0000,0.0,0.0,1.0000,0.0000,0.8222,0.1778,11,138555.0,16,18.591,0.0169,0.0000,0.91,
33,M0,D4,heavy,205,Australia/Adelaide,2027-02-08,false,0.95,0.946,false,180,20,0,0,0,0,0,0,0,0,0,0,0,0.0,0.9264,245.0,165.0,0.7647,0.9194,0.0000,0.0806,0,0.0,0,3.244,0.0591,0.0000,0.64,
33,M1,D4,heavy,205,Australia/Adelaide,2027-02-08,false,0.95,0.946,false,180,20,0,0,0,0,0,0,0,0,0,0,0,0.0,1.0000,0.0,0.0,1.0000,0.9194,0.0645,0.0161,0,2020.0,0,1.736,0.0591,0.0000,1.62,
33,M2,D4,heavy,205,Australia/Adelaide,2027-02-08,false,0.95,0.946,false,180,20,0,0,0,0,0,0,0,0,0,0,0,0.0,1.0000,0.0,0.0,1.0000,0.9194,0.0806,0.0000,0,795.0,0,1.622,0.0591,0.0000,2.32,
33,M3,D4,heavy,205,Australia/Adelaide,2027-02-08,false,0.95,0.946,false,180,20,0,0,0,0,0,0,0,0,0,0,0,0.0,1.0000,0.0,0.0,1.0000,0.0000,0.7419,0.2581,3,47705.0,15,22.211,0.0017,0.0000,0.98,
34,M0,D5,medium,120,Australia/Hobart,2026-10-12,false,1.1,1.107,false,150,21,0,0,0,0,0,0,0,0,0,0,0,0.0,0.9363,385.0,305.0,0.8095,1.0000,0.0000,0.0000,0,0.0,0,0.000,0.1179,0.2000,0.66,
34,M1,D5,medium,120,Australia/Hobart,2026-10-12,false,1.1,1.107,false,150,21,0,0,0,0,0,0,0,0,0,0,0,0.0,0.9363,385.0,305.0,0.8095,1.0000,0.0000,0.0000,0,0.0,0,0.000,0.1179,0.2000,1.65,
34,M2,D5,medium,120,Australia/Hobart,2026-10-12,false,1.1,1.107,false,150,21,0,0,0,0,0,0,0,0,0,0,0,0.0,0.9595,245.0,175.0,0.8571,0.3924,0.5696,0.0380,7,63110.0,33,11.816,0.1465,0.2000,2.58,
34,M3,D5,medium,120,Australia/Hobart,2026-10-12,false,1.1,1.107,false,150,21,0,0,0,0,0,0,0,0,0,0,0,0.0,0.9653,210.0,120.0,0.9048,0.0000,0.8608,0.1392,21,69300.0,53,30.653,0.0072,0.0000,0.98,
35,M0,D6,light,45,Australia/Sydney,2027-02-08,false,0.5,0.500,true,240,7,0,0,0,0,0,0,0,0,0,0,0,0.0,0.9730,45.0,45.0,0.8571,1.0000,0.0000,0.0000,0,0.0,0,0.000,0.0527,0.0000,0.62,
35,M1,D6,light,45,Australia/Sydney,2027-02-08,false,0.5,0.500,true,240,7,0,0,0,0,0,0,0,0,0,0,0,0.0,1.0000,0.0,0.0,1.0000,1.0000,0.0000,0.0000,1,0.0,0,0.711,0.0396,0.0000,1.58,
35,M2,D6,light,45,Australia/Sydney,2027-02-08,false,0.5,0.500,true,240,7,0,0,0,0,0,0,0,0,0,0,0,0.0,1.0000,0.0,0.0,1.0000,0.9333,0.0667,0.0000,1,180.0,0,2.401,0.0396,0.0000,1.96,
35,M3,D6,light,45,Australia/Sydney,2027-02-08,false,0.5,0.500,true,240,7,0,0,0,0,0,0,0,0,0,0,0,0.0,1.0000,0.0,0.0,1.0000,0.0000,1.0000,0.0000,7,478380.0,30,16.490,0.0179,0.0000,0.97,
36,M0,D1,light,25,America/Los_Angeles,2026-11-02,false,0.7,0.696,false,180,14,0,0,0,0,0,0,0,0,0,0,0,0.0,0.9910,25.0,25.0,0.9091,1.0000,0.0000,0.0000,0,0.0,0,0.000,0.0234,0.0000,0.71,
36,M1,D1,light,25,America/Los_Angeles,2026-11-02,false,0.7,0.696,false,180,14,0,0,0,0,0,0,0,0,0,0,0,0.0,1.0000,0.0,0.0,1.0000,1.0000,0.0000,0.0000,1,0.0,0,1.000,0.0234,0.0000,1.78,
36,M2,D1,light,25,America/Los_Angeles,2026-11-02,false,0.7,0.696,false,180,14,0,0,0,0,0,0,0,0,0,0,0,0.0,1.0000,0.0,0.0,1.0000,0.6949,0.3051,0.0000,1,1460.0,1,4.372,0.0234,0.0000,2.44,
36,M3,D1,light,25,America/Los_Angeles,2026-11-02,false,0.7,0.696,false,180,14,0,0,0,0,0,0,0,0,0,0,0,0.0,1.0000,0.0,0.0,1.0000,0.0339,0.8305,0.1356,4,296825.0,33,26.912,0.0153,0.0000,1.01,
37,M0,D2,medium,75,Australia/Adelaide,2026-10-12,false,0.85,0.848,false,240,20,0,0,0,0,0,0,0,0,0,0,0,0.0,0.9816,110.0,75.0,0.9000,0.9770,0.0000,0.0230,0,0.0,0,4.401,0.0247,0.0000,0.72,
37,M1,D2,medium,75,Australia/Adelaide,2026-10-12,false,0.85,0.848,false,240,20,0,0,0,0,0,0,0,0,0,0,0,0.0,1.0000,0.0,0.0,1.0000,0.9770,0.0230,0.0000,0,600.0,0,2.201,0.0247,0.0000,1.82,
37,M2,D2,medium,75,Australia/Adelaide,2026-10-12,false,0.85,0.848,false,240,20,0,1,0,0,0,1,0,0,0,0,0,0.0,1.0000,0.0,0.0,1.0000,0.8966,0.1034,0.0000,0,570.0,0,5.249,0.0247,0.0000,2.92,"2026-10-16: 0 min break, needs 10"
37,M3,D2,medium,75,Australia/Adelaide,2026-10-12,false,0.85,0.848,false,240,20,0,0,0,0,0,0,0,0,0,0,0,0.0,1.0000,0.0,0.0,1.0000,0.0575,0.7011,0.2414,7,126215.0,33,35.185,0.0047,0.0000,1.04,
38,M0,D3,medium,120,Australia/Lord_Howe,2026-10-12,false,0.95,0.955,false,120,17,1,0,0,0,0,0,0,0,0,0,0,0.0,0.9293,300.0,165.0,0.7647,0.9200,0.0000,0.0800,0,0.0,0,11.820,0.0000,0.0000,0.66,
38,M1,D3,medium,120,Australia/Lord_Howe,2026-10-12,false,0.95,0.955,false,120,17,1,0,0,0,0,0,0,0,0,0,0,0.0,0.9611,165.0,120.0,0.8235,0.9200,0.0200,0.0600,1,90.0,0,11.569,0.0000,0.0000,2.04,
38,M2,D3,medium,120,Australia/Lord_Howe,2026-10-12,false,0.95,0.955,false,120,17,1,2,0,0,0,0,0,2,0,0,0,60.0,0.9046,405.0,150.0,0.8824,0.3800,0.5200,0.1000,1,36990.0,19,22.948,0.0000,0.0000,2.33,2026-10-18 t3: ends after due
38,M3,D3,medium,120,Australia/Lord_Howe,2026-10-12,false,0.95,0.955,false,120,17,1,0,0,0,0,0,0,0,0,0,0,0.0,1.0000,0.0,0.0,1.0000,0.0000,0.8200,0.1800,9,34780.0,34,30.657,0.0208,0.0000,0.99,
39,M0,D4,light,0,Australia/Sydney,2026-11-16,false,1.1,1.099,true,210,20,0,0,0,0,0,0,0,0,0,0,0,0.0,0.9164,700.0,350.0,0.9000,1.0000,0.0000,0.0000,0,0.0,0,0.000,0.0174,0.0000,0.66,
39,M1,D4,light,0,Australia/Sydney,2026-11-16,false,1.1,1.099,true,210,20,0,0,0,0,0,0,0,0,0,0,0,0.0,0.9164,700.0,350.0,0.9000,1.0000,0.0000,0.0000,0,0.0,0,0.000,0.0174,0.0000,1.70,
39,M2,D4,light,0,Australia/Sydney,2026-11-16,false,1.1,1.099,true,210,20,0,0,0,0,0,0,0,0,0,0,0,0.0,0.9164,700.0,350.0,0.9000,0.8667,0.1333,0.0000,0,1085.0,0,1.461,0.0174,0.0000,2.55,
39,M3,D4,light,0,Australia/Sydney,2026-11-16,false,1.1,1.099,true,210,20,0,0,0,0,0,0,0,0,0,0,0,0.0,0.9176,690.0,345.0,0.9000,0.0111,0.8667,0.1222,19,50820.0,25,24.723,0.0098,0.0000,1.05,
40,M0,D5,medium,150,Australia/Hobart,2026-10-12,false,0.5,0.500,false,210,8,0,0,0,0,0,0,0,0,0,0,0,0.0,0.8901,150.0,150.0,0.8750,1.0000,0.0000,0.0000,0,0.0,0,0.000,0.0802,0.0000,0.80,
40,M1,D5,medium,150,Australia/Hobart,2026-10-12,false,0.5,0.500,false,210,8,0,0,0,0,0,0,0,0,0,0,0,0.0,1.0000,0.0,0.0,1.0000,1.0000,0.0000,0.0000,4,0.0,0,2.763,0.0535,0.0000,1.90,
40,M2,D5,medium,150,Australia/Hobart,2026-10-12,false,0.5,0.500,false,210,8,0,0,0,0,0,0,0,0,0,0,0,0.0,1.0000,0.0,0.0,1.0000,0.8824,0.1176,0.0000,3,2990.0,2,7.092,0.0535,0.0000,2.26,
40,M3,D5,medium,150,Australia/Hobart,2026-10-12,false,0.5,0.500,false,210,8,0,0,0,0,0,0,0,0,0,0,0,0.0,1.0000,0.0,0.0,1.0000,0.0000,0.9412,0.0588,11,329855.0,25,18.747,0.0236,0.0000,1.12,
41,M0,D6,medium,120,Pacific/Auckland,2027-02-08,false,0.7,0.701,false,240,19,0,0,0,0,0,0,0,0,0,0,0,0.0,0.9084,360.0,120.0,0.9333,1.0000,0.0000,0.0000,0,0.0,0,0.000,0.0110,0.0000,0.72,
41,M1,D6,medium,120,Pacific/Auckland,2027-02-08,false,0.7,0.701,false,240,19,0,0,0,0,0,0,0,0,0,0,0,0.0,0.9313,270.0,90.0,0.9333,1.0000,0.0000,0.0000,1,0.0,0,0.386,0.0110,0.0000,1.87,
41,M2,D6,medium,120,Pacific/Auckland,2027-02-08,false,0.7,0.701,false,240,19,0,1,0,0,0,1,0,0,0,0,0,0.0,1.0000,0.0,0.0,1.0000,0.6753,0.2857,0.0390,4,11805.0,8,26.994,0.0110,0.0000,2.17,"2027-02-15: 0 min break, needs 5"
41,M3,D6,medium,120,Pacific/Auckland,2027-02-08,false,0.7,0.701,false,240,19,0,0,0,0,0,0,0,0,0,0,0,0.0,0.9975,10.0,10.0,0.9333,0.0000,0.7403,0.2597,4,304440.0,40,49.411,0.0333,0.0000,1.06,
42,M0,D1,light,55,Australia/Hobart,2027-05-10,false,0.85,0.839,true,90,6,0,0,0,0,0,0,0,0,0,0,0,0.0,0.8900,165.0,55.0,0.8333,1.0000,0.0000,0.0000,0,0.0,0,0.000,0.0372,0.0000,0.73,
42,M1,D1,light,55,Australia/Hobart,2027-05-10,false,0.85,0.839,true,90,6,0,0,0,0,0,0,0,0,0,0,0,0.0,1.0000,0.0,0.0,1.0000,1.0000,0.0000,0.0000,1,0.0,0,1.000,0.0372,0.0000,1.51,
42,M2,D1,light,55,Australia/Hobart,2027-05-10,false,0.85,0.839,true,90,6,0,0,0,0,0,0,0,0,0,0,0,0.0,1.0000,0.0,0.0,1.0000,0.8667,0.1333,0.0000,1,1125.0,1,2.854,0.0372,0.0000,1.62,
42,M3,D1,light,55,Australia/Hobart,2027-05-10,false,0.85,0.839,true,90,6,0,0,0,0,0,0,0,0,0,0,0,0.0,1.0000,0.0,0.0,1.0000,0.0000,0.8667,0.1333,2,186305.0,18,11.866,0.0295,0.0000,0.96,
43,M0,D2,medium,160,America/Los_Angeles,2027-03-15,false,0.95,0.953,false,240,20,0,0,0,0,0,0,0,0,0,0,0,0.0,0.9720,200.0,160.0,0.7895,0.9556,0.0000,0.0444,0,0.0,0,13.771,0.0815,0.0000,0.65,
43,M1,D2,medium,160,America/Los_Angeles,2027-03-15,false,0.95,0.953,false,240,20,0,0,0,0,0,0,0,0,0,0,0,0.0,1.0000,0.0,0.0,1.0000,0.9556,0.0444,0.0000,1,390.0,0,5.906,0.0815,0.0000,1.64,
43,M2,D2,medium,160,America/Los_Angeles,2027-03-15,false,0.95,0.953,false,240,20,0,4,4,0,0,0,0,0,0,0,0,90.0,1.0000,0.0,0.0,1.0000,1.0000,0.0000,0.0000,0,0.0,0,0.000,0.0815,0.0000,2.59,2027-03-22 t4: 5 min over Something came up
43,M3,D2,medium,160,America/Los_Angeles,2027-03-15,false,0.95,0.953,false,240,20,0,0,0,0,0,0,0,0,0,0,0,0.0,1.0000,0.0,0.0,1.0000,0.0111,0.7556,0.2333,7,97030.0,32,41.001,0.0266,0.0000,1.04,
44,M0,D3,light,0,Pacific/Auckland,2026-09-21,true,1.1,1.107,true,150,20,0,0,0,0,0,0,0,0,0,0,0,0.0,0.9945,35.0,35.0,0.9500,1.0000,0.0000,0.0000,0,0.0,0,0.000,0.0000,0.0000,0.68,
44,M1,D3,light,0,Pacific/Auckland,2026-09-21,true,1.1,1.107,true,150,20,0,0,0,0,0,0,0,0,0,0,0,0.0,0.9945,35.0,35.0,0.9500,1.0000,0.0000,0.0000,0,0.0,0,0.000,0.0000,0.0000,1.67,
44,M2,D3,light,0,Pacific/Auckland,2026-09-21,true,1.1,1.107,true,150,20,0,0,0,0,0,0,0,0,0,0,0,0.0,0.9953,30.0,30.0,0.9500,0.4535,0.5000,0.0465,1,2185.0,1,4.171,0.0000,0.0000,2.77,
44,M3,D3,light,0,Pacific/Auckland,2026-09-21,true,1.1,1.107,true,150,20,0,0,0,0,0,0,0,0,0,0,0,0.0,0.9906,60.0,60.0,0.9500,0.0116,0.8837,0.1047,5,68435.0,32,26.189,0.0067,0.0000,0.95,
45,M0,D4,medium,180,Australia/Sydney,2027-02-08,false,0.5,0.497,true,210,9,0,0,0,0,0,0,0,0,0,0,0,0.0,1.0000,0.0,0.0,1.0000,0.9032,0.0000,0.0968,0,0.0,0,0.995,0.1795,0.1250,0.62,
45,M1,D4,medium,180,Australia/Sydney,2027-02-08,false,0.5,0.497,true,210,9,0,0,0,0,0,0,0,0,0,0,0,0.0,1.0000,0.0,0.0,1.0000,0.9032,0.0000,0.0968,0,0.0,0,0.995,0.1795,0.1250,1.62,
45,M2,D4,medium,180,Australia/Sydney,2027-02-08,false,0.5,0.497,true,210,9,0,0,0,0,0,0,0,0,0,0,0,0.0,1.0000,0.0,0.0,1.0000,0.8065,0.1935,0.0000,0,600.0,0,0.539,0.0636,0.0000,1.87,
45,M3,D4,medium,180,Australia/Sydney,2027-02-08,false,0.5,0.497,true,210,9,0,0,0,0,0,0,0,0,0,0,0,0.0,1.0000,0.0,0.0,1.0000,0.0000,0.8065,0.1935,6,265155.0,22,14.027,0.0340,0.0000,0.90,
46,M0,D5,medium,120,Australia/Sydney,2026-11-16,false,0.7,0.744,false,90,7,0,0,0,0,0,0,0,0,0,0,0,0.0,0.5385,360.0,120.0,0.8571,1.0000,0.0000,0.0000,0,0.0,0,0.000,0.0575,0.0000,0.56,
46,M1,D5,medium,120,Australia/Sydney,2026-11-16,false,0.7,0.744,false,90,7,0,0,0,0,0,0,0,0,0,0,0,0.0,1.0000,0.0,0.0,1.0000,1.0000,0.0000,0.0000,4,0.0,0,2.495,0.0493,0.0000,1.51,
46,M2,D5,medium,120,Australia/Sydney,2026-11-16,false,0.7,0.744,false,90,7,0,0,0,0,0,0,0,0,0,0,0,0.0,1.0000,0.0,0.0,1.0000,0.7381,0.2143,0.0476,3,8265.0,6,5.722,0.0493,0.0000,1.63,
46,M3,D5,medium,120,Australia/Sydney,2026-11-16,false,0.7,0.744,false,90,7,0,0,0,0,0,0,0,0,0,0,0,0.0,1.0000,0.0,0.0,1.0000,0.0000,0.8571,0.1429,7,183380.0,25,14.642,0.0463,0.0000,0.85,
47,M0,D6,heavy,230,Australia/Hobart,2027-03-15,true,0.85,0.849,false,210,20,0,0,0,0,0,0,0,0,0,0,0,0.0,0.9272,415.0,205.0,0.6500,0.9375,0.0000,0.0625,0,0.0,0,9.767,0.0000,0.0000,0.74,
47,M1,D6,heavy,230,Australia/Hobart,2027-03-15,true,0.85,0.849,false,210,20,0,0,0,0,0,0,0,0,0,0,0,0.0,1.0000,0.0,0.0,1.0000,0.9375,0.0547,0.0078,1,3025.0,0,5.023,0.0000,0.0000,1.84,
47,M2,D6,heavy,230,Australia/Hobart,2027-03-15,true,0.85,0.849,false,210,20,0,0,0,0,0,0,0,0,0,0,0,0.0,1.0000,0.0,0.0,1.0000,0.8359,0.1641,0.0000,0,1505.0,0,5.677,0.0000,0.0000,3.09,
47,M3,D6,heavy,230,Australia/Hobart,2027-03-15,true,0.85,0.849,false,210,20,0,0,0,0,0,0,0,0,0,0,0,0.0,1.0000,0.0,0.0,1.0000,0.0234,0.6797,0.2969,3,75715.0,43,48.501,0.0128,0.0000,1.05,
48,M0,D1,light,30,Pacific/Auckland,2026-11-02,false,0.95,0.946,true,240,20,0,0,0,0,0,0,0,0,0,0,0,0.0,0.9892,90.0,30.0,0.9500,1.0000,0.0000,0.0000,0,0.0,0,0.000,0.0139,0.0000,0.74,
48,M1,D1,light,30,Pacific/Auckland,2026-11-02,false,0.95,0.946,true,240,20,0,0,0,0,0,0,0,0,0,0,0,0.0,0.9892,90.0,30.0,0.9500,1.0000,0.0000,0.0000,0,0.0,0,0.000,0.0139,0.0000,1.69,
48,M2,D1,light,30,Pacific/Auckland,2026-11-02,false,0.95,0.946,true,240,20,0,0,0,0,0,0,0,0,0,0,0,0.0,1.0000,0.0,0.0,1.0000,0.5089,0.4911,0.0000,2,21790.0,9,11.155,0.0139,0.0000,2.63,
48,M3,D1,light,30,Pacific/Auckland,2026-11-02,false,0.95,0.946,true,240,20,0,0,0,0,0,0,0,0,0,0,0,0.0,1.0000,0.0,0.0,1.0000,0.0714,0.7589,0.1696,4,139665.0,59,48.593,0.0248,0.0000,1.03,
49,M0,D2,light,0,Australia/Brisbane,2027-02-08,false,1.1,1.093,false,150,20,0,0,0,0,0,0,0,0,0,0,0,0.0,1.0000,0.0,0.0,1.0000,1.0000,0.0000,0.0000,0,0.0,0,0.000,0.0000,0.0000,0.55,
49,M1,D2,light,0,Australia/Brisbane,2027-02-08,false,1.1,1.093,false,150,20,0,0,0,0,0,0,0,0,0,0,0,0.0,1.0000,0.0,0.0,1.0000,1.0000,0.0000,0.0000,0,0.0,0,0.000,0.0000,0.0000,1.39,
49,M2,D2,light,0,Australia/Brisbane,2027-02-08,false,1.1,1.093,false,150,20,0,0,0,0,0,0,0,0,0,0,0,0.0,1.0000,0.0,0.0,1.0000,0.9245,0.0566,0.0189,0,30.0,0,3.520,0.0000,0.0000,2.29,
49,M3,D2,light,0,Australia/Brisbane,2027-02-08,false,1.1,1.093,false,150,20,0,0,0,0,0,0,0,0,0,0,0,0.0,1.0000,0.0,0.0,1.0000,0.0000,0.8491,0.1509,7,23840.0,13,21.172,0.0000,0.0000,0.85,
50,M0,D3,light,30,Australia/Adelaide,2027-03-15,true,0.5,0.500,false,210,7,0,0,0,0,0,0,0,0,0,0,0,0.0,0.9423,90.0,30.0,0.8571,0.9841,0.0000,0.0159,0,0.0,0,3.623,0.0842,0.0000,0.83,
50,M1,D3,light,30,Australia/Adelaide,2027-03-15,true,0.5,0.500,false,210,7,0,0,0,0,0,0,0,0,0,0,0,0.0,1.0000,0.0,0.0,1.0000,0.9841,0.0159,0.0000,0,600.0,1,2.717,0.0688,0.0000,2.04,
50,M2,D3,light,30,Australia/Adelaide,2027-03-15,true,0.5,0.500,false,210,7,0,0,0,0,0,0,0,0,0,0,0,0.0,1.0000,0.0,0.0,1.0000,0.9365,0.0635,0.0000,0,2830.0,2,4.777,0.0688,0.0000,2.53,
50,M3,D3,light,30,Australia/Adelaide,2027-03-15,true,0.5,0.500,false,210,7,0,0,0,0,0,0,0,0,0,0,0,0.0,1.0000,0.0,0.0,1.0000,0.0794,0.8730,0.0476,2,653200.0,41,16.316,0.0579,0.0000,1.09,
51,M0,D4,light,0,Australia/Melbourne,2027-03-15,true,0.7,0.702,true,180,15,0,0,0,0,0,0,0,0,0,0,0,0.0,1.0000,0.0,0.0,1.0000,1.0000,0.0000,0.0000,0,0.0,0,0.000,0.0284,0.0000,0.64,
51,M1,D4,light,0,Australia/Melbourne,2027-03-15,true,0.7,0.702,true,180,15,0,0,0,0,0,0,0,0,0,0,0,0.0,1.0000,0.0,0.0,1.0000,1.0000,0.0000,0.0000,0,0.0,0,0.000,0.0284,0.0000,1.52,
51,M2,D4,light,0,Australia/Melbourne,2027-03-15,true,0.7,0.702,true,180,15,0,0,0,0,0,0,0,0,0,0,0,0.0,1.0000,0.0,0.0,1.0000,1.0000,0.0000,0.0000,0,0.0,0,0.000,0.0284,0.0000,1.91,
51,M3,D4,light,0,Australia/Melbourne,2027-03-15,true,0.7,0.702,true,180,15,0,0,0,0,0,0,0,0,0,0,0,0.0,1.0000,0.0,0.0,1.0000,0.0000,0.7568,0.2432,7,90985.0,11,19.829,0.0095,0.0000,0.92,
52,M0,D5,medium,150,Australia/Melbourne,2027-03-15,true,0.85,0.848,false,120,15,0,0,0,0,0,0,0,0,0,0,0,0.0,0.9061,300.0,150.0,0.9333,1.0000,0.0000,0.0000,0,0.0,0,0.000,0.0000,0.0000,0.61,
52,M1,D5,medium,150,Australia/Melbourne,2027-03-15,true,0.85,0.848,false,120,15,0,0,0,0,0,0,0,0,0,0,0,0.0,0.9061,300.0,150.0,0.9333,1.0000,0.0000,0.0000,0,0.0,0,0.000,0.0000,0.0000,1.52,
52,M2,D5,medium,150,Australia/Melbourne,2027-03-15,true,0.85,0.848,false,120,15,0,0,0,0,0,0,0,0,0,0,0,0.0,1.0000,0.0,0.0,1.0000,0.2353,0.7059,0.0588,4,56655.0,29,16.267,0.0000,0.0000,1.84,
52,M3,D5,medium,150,Australia/Melbourne,2027-03-15,true,0.85,0.848,false,120,15,0,0,0,0,0,0,0,0,0,0,0,0.0,1.0000,0.0,0.0,1.0000,0.0196,0.7255,0.2549,8,53445.0,25,23.646,0.0223,0.0000,0.88,
53,M0,D6,heavy,355,Australia/Sydney,2026-10-12,false,0.95,0.952,false,210,20,3,0,0,0,0,0,0,0,0,0,0,0.0,0.9486,165.0,165.0,0.7692,0.8841,0.0000,0.1159,0,0.0,0,6.987,0.1603,0.0000,0.76,
53,M1,D6,heavy,355,Australia/Sydney,2026-10-12,false,0.95,0.952,false,210,20,3,0,0,0,0,0,0,0,0,0,0,0.0,1.0000,0.0,0.0,1.0000,0.8841,0.0580,0.0580,0,1280.0,0,4.006,0.1093,0.0000,1.86,
53,M2,D6,heavy,355,Australia/Sydney,2026-10-12,false,0.95,0.952,false,210,20,3,0,0,0,0,0,0,0,0,0,0,0.0,1.0000,0.0,0.0,1.0000,0.2609,0.6957,0.0435,2,17895.0,11,19.727,0.0505,0.0000,2.78,
53,M3,D6,heavy,355,Australia/Sydney,2026-10-12,false,0.95,0.952,false,210,20,3,0,0,0,0,0,0,0,0,0,0,0.0,1.0000,0.0,0.0,1.0000,0.0000,0.9420,0.0580,12,126000.0,34,37.478,0.0137,0.0000,1.10,
54,M0,D1,light,15,Australia/Melbourne,2026-11-02,false,1.1,1.092,false,180,20,0,0,0,0,0,0,0,0,0,0,0,0.0,0.9980,15.0,15.0,0.9500,1.0000,0.0000,0.0000,0,0.0,0,0.000,0.0684,0.0000,0.59,
54,M1,D1,light,15,Australia/Melbourne,2026-11-02,false,1.1,1.092,false,180,20,0,0,0,0,0,0,0,0,0,0,0,0.0,1.0000,0.0,0.0,1.0000,1.0000,0.0000,0.0000,1,0.0,0,1.000,0.0684,0.0000,1.48,
54,M2,D1,light,15,Australia/Melbourne,2026-11-02,false,1.1,1.092,false,180,20,0,0,0,0,0,0,0,0,0,0,0,0.0,1.0000,0.0,0.0,1.0000,1.0000,0.0000,0.0000,1,0.0,0,1.000,0.0684,0.0000,2.23,
54,M3,D1,light,15,Australia/Melbourne,2026-11-02,false,1.1,1.092,false,180,20,0,0,0,0,0,0,0,0,0,0,0,0.0,1.0000,0.0,0.0,1.0000,0.0000,0.8226,0.1774,10,40270.0,18,20.301,0.0025,0.0000,0.89,
55,M0,D2,medium,125,Australia/Perth,2027-02-08,false,0.5,0.500,false,150,6,0,0,0,0,0,0,0,0,0,0,0,0.0,0.8879,195.0,65.0,0.6667,0.8889,0.0000,0.1111,0,0.0,0,10.089,0.1084,0.0000,0.63,
55,M1,D2,medium,125,Australia/Perth,2027-02-08,false,0.5,0.500,false,150,6,0,0,0,0,0,0,0,0,0,0,0,0.0,1.0000,0.0,0.0,1.0000,0.8889,0.0741,0.0370,1,130.0,0,5.930,0.0738,0.0000,1.55,
55,M2,D2,medium,125,Australia/Perth,2027-02-08,false,0.5,0.500,false,150,6,0,0,0,0,0,0,0,0,0,0,0,0.0,1.0000,0.0,0.0,1.0000,0.8889,0.1111,0.0000,0,1410.0,1,5.440,0.0557,0.0000,1.79,
55,M3,D2,medium,125,Australia/Perth,2027-02-08,false,0.5,0.500,false,150,6,0,0,0,0,0,0,0,0,0,0,0,0.0,1.0000,0.0,0.0,1.0000,0.0000,0.7778,0.2222,4,223670.0,15,10.898,0.0464,0.0000,0.93,
56,M0,D3,light,0,Australia/Melbourne,2027-02-08,false,0.7,0.703,false,240,18,0,0,0,0,0,0,0,0,0,0,0,0.0,1.0000,0.0,0.0,1.0000,1.0000,0.0000,0.0000,0,0.0,0,0.000,0.0202,0.0000,0.64,
56,M1,D3,light,0,Australia/Melbourne,2027-02-08,false,0.7,0.703,false,240,18,0,0,0,0,0,0,0,0,0,0,0,0.0,1.0000,0.0,0.0,1.0000,1.0000,0.0000,0.0000,0,0.0,0,0.000,0.0202,0.0000,1.54,
56,M2,D3,light,0,Australia/Melbourne,2027-02-08,false,0.7,0.703,false,240,18,0,0,0,0,0,0,0,0,0,0,0,0.0,1.0000,0.0,0.0,1.0000,1.0000,0.0000,0.0000,0,0.0,0,0.000,0.0202,0.0000,2.13,
56,M3,D3,light,0,Australia/Melbourne,2027-02-08,false,0.7,0.703,false,240,18,0,0,0,0,0,0,0,0,0,0,0,0.0,1.0000,0.0,0.0,1.0000,0.0000,0.9048,0.0952,3,255805.0,23,15.134,0.0279,0.0000,0.93,
57,M0,D4,light,0,Australia/Lord_Howe,2026-09-21,true,0.85,0.848,true,180,20,0,0,0,0,0,0,0,0,0,0,0,0.0,1.0000,0.0,0.0,1.0000,1.0000,0.0000,0.0000,0,0.0,0,0.000,0.1217,0.0000,0.73,
57,M1,D4,light,0,Australia/Lord_Howe,2026-09-21,true,0.85,0.848,true,180,20,0,0,0,0,0,0,0,0,0,0,0,0.0,1.0000,0.0,0.0,1.0000,1.0000,0.0000,0.0000,0,0.0,0,0.000,0.1217,0.0000,1.73,
57,M2,D4,light,0,Australia/Lord_Howe,2026-09-21,true,0.85,0.848,true,180,20,0,0,0,0,0,0,0,0,0,0,0,0.0,1.0000,0.0,0.0,1.0000,0.9483,0.0345,0.0172,0,15.0,0,3.822,0.1217,0.0000,2.50,
57,M3,D4,light,0,Australia/Lord_Howe,2026-09-21,true,0.85,0.848,true,180,20,0,0,0,0,0,0,0,0,0,0,0,0.0,1.0000,0.0,0.0,1.0000,0.0000,0.8103,0.1897,11,67605.0,16,25.568,0.0281,0.0000,1.03,
58,M0,D5,heavy,240,Australia/Perth,2027-02-08,false,0.95,0.936,false,150,21,0,0,0,0,0,0,0,0,0,0,0,0.0,0.9133,480.0,240.0,0.9500,1.0000,0.0000,0.0000,0,0.0,0,0.000,0.0000,0.0000,0.63,
58,M1,D5,heavy,240,Australia/Perth,2027-02-08,false,0.95,0.936,false,150,21,0,0,0,0,0,0,0,0,0,0,0,0.0,0.9133,480.0,240.0,0.9500,1.0000,0.0000,0.0000,0,0.0,0,0.000,0.0000,0.0000,1.56,
58,M2,D5,heavy,240,Australia/Perth,2027-02-08,false,0.95,0.936,false,150,21,0,0,0,0,0,0,0,0,0,0,0,0.0,0.9855,80.0,40.0,0.9500,0.1964,0.7321,0.0714,8,67980.0,38,27.618,0.0000,0.0000,2.22,
58,M3,D5,heavy,240,Australia/Perth,2027-02-08,false,0.95,0.936,false,150,21,0,0,0,0,0,0,0,0,0,0,0,0.0,1.0000,0.0,0.0,1.0000,0.0179,0.7321,0.2500,9,84180.0,41,31.992,0.0045,0.0000,0.95,
59,M0,D6,heavy,200,Australia/Brisbane,2026-11-02,false,1.1,1.080,false,240,21,0,0,0,0,0,0,0,0,0,0,0,0.0,0.9178,450.0,200.0,0.8462,1.0000,0.0000,0.0000,0,0.0,0,0.000,0.0921,0.0000,0.72,
59,M1,D6,heavy,200,Australia/Brisbane,2026-11-02,false,1.1,1.080,false,240,21,0,0,0,0,0,0,0,0,0,0,0,0.0,0.9452,300.0,150.0,0.9231,1.0000,0.0000,0.0000,1,0.0,0,0.126,0.0921,0.0000,1.71,
59,M2,D6,heavy,200,Australia/Brisbane,2026-11-02,false,1.1,1.080,false,240,21,0,0,0,0,0,0,0,0,0,0,0,0.0,1.0000,0.0,0.0,1.0000,0.3194,0.6667,0.0139,6,53850.0,34,34.284,0.0460,0.0000,2.35,
59,M3,D6,heavy,200,Australia/Brisbane,2026-11-02,false,1.1,1.080,false,240,21,0,0,0,0,0,0,0,0,0,0,0,0.0,1.0000,0.0,0.0,1.0000,0.0833,0.7361,0.1806,13,93325.0,37,39.960,0.0147,0.0000,0.97,
60,M0,D1,light,30,Australia/Brisbane,2026-09-21,false,0.5,0.634,false,120,6,0,0,0,0,0,0,0,0,0,0,0,0.0,0.8519,60.0,30.0,0.8333,1.0000,0.0000,0.0000,0,0.0,0,0.000,0.0517,0.0000,0.66,
60,M1,D1,light,30,Australia/Brisbane,2026-09-21,false,0.5,0.634,false,120,6,0,0,0,0,0,0,0,0,0,0,0,0.0,1.0000,0.0,0.0,1.0000,1.0000,0.0000,0.0000,1,0.0,0,0.990,0.0474,0.0000,1.66,
60,M2,D1,light,30,Australia/Brisbane,2026-09-21,false,0.5,0.634,false,120,6,0,0,0,0,0,0,0,0,0,0,0,0.0,1.0000,0.0,0.0,1.0000,0.8000,0.2000,0.0000,1,8250.0,6,7.463,0.0474,0.0000,1.71,
60,M3,D1,light,30,Australia/Brisbane,2026-09-21,false,0.5,0.634,false,120,6,0,0,0,0,0,0,0,0,0,0,0,0.0,1.0000,0.0,0.0,1.0000,0.0000,1.0000,0.0000,11,278400.0,24,14.437,0.0718,0.0000,0.95,
61,M0,D2,light,55,Australia/Adelaide,2027-05-10,false,0.7,0.699,true,240,19,0,0,0,0,0,0,0,0,0,0,0,0.0,0.9776,110.0,55.0,0.9474,0.9855,0.0000,0.0145,0,0.0,0,3.932,0.0084,0.0000,0.65,
61,M1,D2,light,55,Australia/Adelaide,2027-05-10,false,0.7,0.699,true,240,19,0,0,0,0,0,0,0,0,0,0,0,0.0,1.0000,0.0,0.0,1.0000,0.9855,0.0145,0.0000,0,300.0,0,1.966,0.0084,0.0000,1.59,
61,M2,D2,light,55,Australia/Adelaide,2027-05-10,false,0.7,0.699,true,240,19,0,0,0,0,0,0,0,0,0,0,0,0.0,1.0000,0.0,0.0,1.0000,0.8406,0.1594,0.0000,0,330.0,0,3.967,0.0084,0.0000,2.24,
61,M3,D2,light,55,Australia/Adelaide,2027-05-10,false,0.7,0.699,true,240,19,0,0,0,0,0,0,0,0,0,0,0,0.0,1.0000,0.0,0.0,1.0000,0.0145,0.7826,0.2029,6,157810.0,24,28.808,0.0069,0.0000,0.94,
62,M0,D3,heavy,210,Australia/Lord_Howe,2026-09-21,true,0.85,0.849,true,210,20,0,0,0,0,0,0,0,0,0,0,0,0.0,0.9216,555.0,210.0,0.7500,0.9298,0.0000,0.0702,0,0.0,0,28.388,0.0533,0.0000,0.70,
62,M1,D3,heavy,210,Australia/Lord_Howe,2026-09-21,true,0.85,0.849,true,210,20,0,0,0,0,0,0,0,0,0,0,0,0.0,0.9407,420.0,165.0,0.8000,0.9298,0.0175,0.0526,0,29700.0,2,26.732,0.0533,0.0000,1.81,
62,M2,D3,heavy,210,Australia/Lord_Howe,2026-09-21,true,0.85,0.849,true,210,20,0,0,0,0,0,0,0,0,0,0,0,0.0,1.0000,0.0,0.0,1.0000,0.3070,0.6930,0.0000,0,132805.0,78,61.147,0.0533,0.0000,3.07,
62,M3,D3,heavy,210,Australia/Lord_Howe,2026-09-21,true,0.85,0.849,true,210,20,0,0,0,0,0,0,0,0,0,0,0,0.0,1.0000,0.0,0.0,1.0000,0.0526,0.7544,0.1930,7,142940.0,66,63.111,0.0109,0.0000,1.03,
63,M0,D4,light,0,Australia/Melbourne,2026-09-21,true,0.95,0.952,false,180,20,0,0,0,0,0,0,0,0,0,0,0,0.0,1.0000,0.0,0.0,1.0000,1.0000,0.0000,0.0000,0,0.0,0,0.000,0.0721,0.0000,0.69,
63,M1,D4,light,0,Australia/Melbourne,2026-09-21,true,0.95,0.952,false,180,20,0,0,0,0,0,0,0,0,0,0,0,0.0,1.0000,0.0,0.0,1.0000,1.0000,0.0000,0.0000,0,0.0,0,0.000,0.0721,0.0000,1.73,
63,M2,D4,light,0,Australia/Melbourne,2026-09-21,true,0.95,0.952,false,180,20,0,0,0,0,0,0,0,0,0,0,0,0.0,1.0000,0.0,0.0,1.0000,0.8607,0.1393,0.0000,0,500.0,0,1.950,0.0721,0.0000,2.91,
63,M3,D4,light,0,Australia/Melbourne,2026-09-21,true,0.95,0.952,false,180,20,0,0,0,0,0,0,0,0,0,0,0,0.0,1.0000,0.0,0.0,1.0000,0.0246,0.8443,0.1311,10,145115.0,46,36.788,0.0328,0.0000,0.99,
64,M0,D5,medium,120,Pacific/Auckland,2027-02-08,false,1.1,1.112,true,120,21,2,0,0,0,0,0,0,0,0,0,0,0.0,0.8692,710.0,385.0,0.7619,0.9722,0.0000,0.0278,0,0.0,0,0.572,0.0000,0.0000,0.82,
64,M1,D5,medium,120,Pacific/Auckland,2027-02-08,false,1.1,1.112,true,120,21,2,0,0,0,0,0,0,0,0,0,0,0.0,0.8895,600.0,330.0,0.8095,0.9722,0.0278,0.0000,0,300.0,0,0.286,0.0000,0.0000,1.95,
64,M2,D5,medium,120,Pacific/Auckland,2027-02-08,false,1.1,1.112,true,120,21,2,3,0,0,0,0,0,3,0,0,0,85.0,0.8297,925.0,405.0,0.7143,0.3750,0.5694,0.0556,4,62020.0,34,28.848,0.0000,0.0000,2.89,2027-02-27 t5: ends after due
64,M3,D5,medium,120,Pacific/Auckland,2027-02-08,false,1.1,1.112,true,120,21,2,0,0,0,0,0,0,0,0,0,0,0.0,0.8840,630.0,285.0,0.8095,0.0833,0.6667,0.2500,4,59445.0,35,36.479,0.0051,0.0000,1.11,
65,M0,D6,medium,90,Australia/Sydney,2027-02-08,false,0.5,0.503,false,180,8,0,0,0,0,0,0,0,0,0,0,0,0.0,0.9143,180.0,90.0,0.8750,1.0000,0.0000,0.0000,0,0.0,0,0.000,0.0090,0.0000,0.65,
65,M1,D6,medium,90,Australia/Sydney,2027-02-08,false,0.5,0.503,false,180,8,0,0,0,0,0,0,0,0,0,0,0,0.0,0.9286,150.0,75.0,0.8750,1.0000,0.0000,0.0000,1,0.0,0,0.282,0.0090,0.0000,1.56,
65,M2,D6,medium,90,Australia/Sydney,2027-02-08,false,0.5,0.503,false,180,8,0,0,0,0,0,0,0,0,0,0,0,0.0,1.0000,0.0,0.0,1.0000,0.7183,0.2676,0.0141,4,15115.0,10,20.149,0.0090,0.0000,2.09,
65,M3,D6,medium,90,Australia/Sydney,2027-02-08,false,0.5,0.503,false,180,8,0,0,0,0,0,0,0,0,0,0,0,0.0,1.0000,0.0,0.0,1.0000,0.0000,0.7183,0.2817,4,270550.0,37,31.349,0.0202,0.0000,0.94,
66,M0,D1,light,35,Australia/Melbourne,2026-09-21,true,0.7,0.696,true,120,8,0,0,0,0,0,0,0,0,0,0,0,0.0,0.9247,105.0,35.0,0.8750,1.0000,0.0000,0.0000,0,0.0,0,0.000,0.0645,0.0000,0.75,
66,M1,D1,light,35,Australia/Melbourne,2026-09-21,true,0.7,0.696,true,120,8,0,0,0,0,0,0,0,0,0,0,0,0.0,1.0000,0.0,0.0,1.0000,1.0000,0.0000,0.0000,1,0.0,0,0.923,0.0645,0.0000,1.98,
66,M2,D1,light,35,Australia/Melbourne,2026-09-21,true,0.7,0.696,true,120,8,0,0,0,0,0,0,0,0,0,0,0,0.0,1.0000,0.0,0.0,1.0000,0.9048,0.0952,0.0000,1,2545.0,2,3.073,0.0645,0.0000,2.35,
66,M3,D1,light,35,Australia/Melbourne,2026-09-21,true,0.7,0.696,true,120,8,0,0,0,0,0,0,0,0,0,0,0,0.0,1.0000,0.0,0.0,1.0000,0.0000,0.7619,0.2381,1,170425.0,17,15.824,0.0346,0.0000,1.05,
67,M0,D2,medium,70,America/Los_Angeles,2026-11-16,false,0.85,0.850,true,240,20,0,0,0,0,0,0,0,0,0,0,0,0.0,0.9899,70.0,70.0,0.9500,0.9859,0.0000,0.0141,0,0.0,0,1.959,0.0640,0.0000,0.69,
67,M1,D2,medium,70,America/Los_Angeles,2026-11-16,false,0.85,0.850,true,240,20,0,0,0,0,0,0,0,0,0,0,0,0.0,1.0000,0.0,0.0,1.0000,0.9859,0.0141,0.0000,0,690.0,0,0.980,0.0640,0.0000,1.73,
67,M2,D2,medium,70,America/Los_Angeles,2026-11-16,false,0.85,0.850,true,240,20,0,1,1,0,0,0,0,0,0,0,0,30.0,1.0000,0.0,0.0,1.0000,0.9718,0.0282,0.0000,0,30.0,0,0.464,0.0640,0.0000,2.52,2026-11-19 t14: 30 min over Something came up
67,M3,D2,medium,70,America/Los_Angeles,2026-11-16,false,0.85,0.850,true,240,20,0,0,0,0,0,0,0,0,0,0,0,0.0,1.0000,0.0,0.0,1.0000,0.0282,0.7606,0.2113,13,64405.0,14,21.858,0.0123,0.0000,0.99,
68,M0,D3,light,50,Australia/Brisbane,2026-09-21,false,0.95,0.952,false,180,20,2,0,0,0,0,0,0,0,0,0,0,0.0,0.9638,255.0,150.0,0.8500,0.9559,0.0000,0.0441,0,0.0,0,7.198,0.0000,0.0000,0.73,
68,M1,D3,light,50,Australia/Brisbane,2026-09-21,false,0.95,0.952,false,180,20,2,0,0,0,0,0,0,0,0,0,0,0.0,0.9794,145.0,95.0,0.9000,0.9559,0.0294,0.0147,0,630.0,1,5.625,0.0000,0.0000,1.73,
68,M2,D3,light,50,Australia/Brisbane,2026-09-21,false,0.95,0.952,false,180,20,2,2,0,0,0,0,0,2,0,0,0,60.0,0.9502,350.0,215.0,0.8500,0.5735,0.3529,0.0735,2,5790.0,4,12.819,0.0000,0.0000,2.56,2026-09-23 t10: ends after due
68,M3,D3,light,50,Australia/Brisbane,2026-09-21,false,0.95,0.952,false,180,20,2,0,0,0,0,0,0,0,0,0,0,0.0,0.9972,20.0,20.0,0.9500,0.0147,0.7647,0.2206,8,28150.0,19,24.021,0.0000,0.0000,1.02,
69,M0,D4,heavy,195,Pacific/Auckland,2027-02-08,false,1.1,1.103,true,120,20,0,0,0,0,0,0,0,0,0,0,0,0.0,0.8258,865.0,495.0,0.6500,0.9074,0.0000,0.0926,0,0.0,0,4.447,0.0000,0.0000,0.71,
69,M1,D4,heavy,195,Pacific/Auckland,2027-02-08,false,1.1,1.103,true,120,20,0,0,0,0,0,0,0,0,0,0,0,0.0,0.8983,505.0,335.0,0.8500,0.9074,0.0741,0.0185,0,2160.0,0,2.309,0.0000,0.0000,1.66,
69,M2,D4,heavy,195,Pacific/Auckland,2027-02-08,false,1.1,1.103,true,120,20,0,0,0,0,0,0,0,0,0,0,0,0.0,0.8983,505.0,335.0,0.8500,0.8148,0.1852,0.0000,0,430.0,0,1.774,0.0000,0.0000,2.24,
69,M3,D4,heavy,195,Pacific/Auckland,2027-02-08,false,1.1,1.103,true,120,20,0,0,0,0,0,0,0,0,0,0,0,0.0,0.9003,495.0,330.0,0.8500,0.0000,0.8148,0.1852,9,29235.0,10,22.022,0.0183,0.0000,1.00,
70,M0,D5,medium,150,Australia/Lord_Howe,2026-09-21,true,0.5,0.500,false,240,9,0,0,0,0,0,0,0,0,0,0,0,0.0,0.8039,300.0,150.0,0.8571,1.0000,0.0000,0.0000,0,0.0,0,0.000,0.0000,0.0000,0.74,
70,M1,D5,medium,150,Australia/Lord_Howe,2026-09-21,true,0.5,0.500,false,240,9,0,0,0,0,0,0,0,0,0,0,0,0.0,1.0000,0.0,0.0,1.0000,1.0000,0.0000,0.0000,6,0.0,0,4.826,0.0000,0.0000,1.77,
70,M2,D5,medium,150,Australia/Lord_Howe,2026-09-21,true,0.5,0.500,false,240,9,0,0,0,0,0,0,0,0,0,0,0,0.0,1.0000,0.0,0.0,1.0000,0.8056,0.1528,0.0417,5,1515.0,0,10.703,0.0000,0.0000,2.05,
70,M3,D5,medium,150,Australia/Lord_Howe,2026-09-21,true,0.5,0.500,false,240,9,0,0,0,0,0,0,0,0,0,0,0,0.0,1.0000,0.0,0.0,1.0000,0.0000,0.7361,0.2639,6,341470.0,32,27.504,0.0403,0.0000,1.07,
71,M0,D6,heavy,1270,Australia/Lord_Howe,2027-03-15,true,0.7,0.701,false,240,19,0,0,0,0,0,0,0,0,0,0,0,0.0,0.6969,1305.0,800.0,0.2105,0.6628,0.0000,0.3372,0,0.0,0,33.909,0.1621,0.1250,0.52,
71,M1,D6,heavy,1270,Australia/Lord_Howe,2027-03-15,true,0.7,0.701,false,240,19,0,0,0,0,0,0,0,0,0,0,0,0.0,0.9930,30.0,10.0,0.8947,0.6628,0.1860,0.1512,6,48180.0,16,27.745,0.0910,0.0000,1.34,
71,M2,D6,heavy,1270,Australia/Lord_Howe,2027-03-15,true,0.7,0.701,false,240,19,0,0,0,0,0,0,0,0,0,0,0,0.0,1.0000,0.0,0.0,1.0000,0.2209,0.7791,0.0000,0,77140.0,50,44.375,0.0256,0.0000,1.80,
71,M3,D6,heavy,1270,Australia/Lord_Howe,2027-03-15,true,0.7,0.701,false,240,19,0,0,0,0,0,0,0,0,0,0,0,0.0,1.0000,0.0,0.0,1.0000,0.0000,0.6744,0.3256,7,137895.0,51,49.776,0.0098,0.0000,0.85,
72,M0,D1,light,30,Australia/Melbourne,2026-09-21,true,0.85,0.857,false,90,6,0,0,0,0,0,0,0,0,0,0,0,0.0,1.0000,0.0,0.0,1.0000,1.0000,0.0000,0.0000,0,0.0,0,0.000,0.0000,0.0000,0.67,
72,M1,D1,light,30,Australia/Melbourne,2026-09-21,true,0.85,0.857,false,90,6,0,0,0,0,0,0,0,0,0,0,0,0.0,1.0000,0.0,0.0,1.0000,1.0000,0.0000,0.0000,0,0.0,0,0.000,0.0000,0.0000,1.66,
72,M2,D1,light,30,Australia/Melbourne,2026-09-21,true,0.85,0.857,false,90,6,0,0,0,0,0,0,0,0,0,0,0,0.0,1.0000,0.0,0.0,1.0000,1.0000,0.0000,0.0000,0,0.0,0,0.000,0.0000,0.0000,1.74,
72,M3,D1,light,30,Australia/Melbourne,2026-09-21,true,0.85,0.857,false,90,6,0,0,0,0,0,0,0,0,0,0,0,0.0,1.0000,0.0,0.0,1.0000,0.0000,0.8750,0.1250,1,125615.0,29,16.957,0.0950,0.0000,0.95,
73,M0,D2,light,0,Australia/Lord_Howe,2027-05-10,false,0.95,0.957,true,150,20,0,0,0,0,0,0,0,0,0,0,0,0.0,1.0000,0.0,0.0,1.0000,1.0000,0.0000,0.0000,0,0.0,0,0.000,0.0000,0.0000,0.56,
73,M1,D2,light,0,Australia/Lord_Howe,2027-05-10,false,0.95,0.957,true,150,20,0,0,0,0,0,0,0,0,0,0,0,0.0,1.0000,0.0,0.0,1.0000,1.0000,0.0000,0.0000,0,0.0,0,0.000,0.0000,0.0000,1.44,
73,M2,D2,light,0,Australia/Lord_Howe,2027-05-10,false,0.95,0.957,true,150,20,0,0,0,0,0,0,0,0,0,0,0,0.0,1.0000,0.0,0.0,1.0000,1.0000,0.0000,0.0000,0,0.0,0,0.000,0.0000,0.0000,2.08,
73,M3,D2,light,0,Australia/Lord_Howe,2027-05-10,false,0.95,0.957,true,150,20,0,0,0,0,0,0,0,0,0,0,0,0.0,1.0000,0.0,0.0,1.0000,0.0317,0.7778,0.1905,8,27540.0,16,21.981,0.0000,0.0000,0.84,
74,M0,D3,medium,70,Australia/Melbourne,2027-05-10,false,1.1,1.100,false,150,20,0,0,0,0,0,0,0,0,0,0,0,0.0,0.9000,555.0,260.0,0.8235,0.9753,0.0000,0.0247,0,0.0,0,7.619,0.0000,0.0000,0.70,
74,M1,D3,medium,70,Australia/Melbourne,2027-05-10,false,1.1,1.100,false,150,20,0,0,0,0,0,0,0,0,0,0,0,0.0,0.9000,555.0,260.0,0.8235,0.9753,0.0000,0.0247,0,0.0,0,7.619,0.0000,0.0000,1.82,
74,M2,D3,medium,70,Australia/Melbourne,2027-05-10,false,1.1,1.100,false,150,20,0,0,0,0,0,0,0,0,0,0,0,0.0,0.9000,555.0,260.0,0.8235,0.9753,0.0000,0.0247,0,0.0,0,7.619,0.0000,0.0000,2.69,
74,M3,D3,medium,70,Australia/Melbourne,2027-05-10,false,1.1,1.100,false,150,20,0,0,0,0,0,0,0,0,0,0,0,0.0,0.9135,480.0,240.0,0.8235,0.0000,0.7654,0.2346,4,54735.0,28,31.404,0.0265,0.0000,0.97,
75,M0,D4,light,0,Australia/Melbourne,2026-10-19,false,0.5,0.500,false,120,6,0,0,0,0,0,0,0,0,0,0,0,0.0,1.0000,0.0,0.0,1.0000,1.0000,0.0000,0.0000,0,0.0,0,0.000,0.0508,0.0000,0.76,
75,M1,D4,light,0,Australia/Melbourne,2026-10-19,false,0.5,0.500,false,120,6,0,0,0,0,0,0,0,0,0,0,0,0.0,1.0000,0.0,0.0,1.0000,1.0000,0.0000,0.0000,0,0.0,0,0.000,0.0508,0.0000,1.83,
75,M2,D4,light,0,Australia/Melbourne,2026-10-19,false,0.5,0.500,false,120,6,0,0,0,0,0,0,0,0,0,0,0,0.0,1.0000,0.0,0.0,1.0000,1.0000,0.0000,0.0000,0,0.0,0,0.000,0.0508,0.0000,2.22,
75,M3,D4,light,0,Australia/Melbourne,2026-10-19,false,0.5,0.500,false,120,6,0,0,0,0,0,0,0,0,0,0,0,0.0,1.0000,0.0,0.0,1.0000,0.0000,1.0000,0.0000,4,354565.0,24,9.601,0.0825,0.0000,1.03,
76,M0,D5,heavy,210,Australia/Perth,2027-05-10,false,0.7,0.704,false,150,14,0,0,0,0,0,0,0,0,0,0,0,0.0,0.8986,210.0,210.0,0.9091,1.0000,0.0000,0.0000,0,0.0,0,0.000,0.0098,0.0000,0.70,
76,M1,D5,heavy,210,Australia/Perth,2027-05-10,false,0.7,0.704,false,150,14,0,0,0,0,0,0,0,0,0,0,0,0.0,1.0000,0.0,0.0,1.0000,1.0000,0.0000,0.0000,4,0.0,0,0.772,0.0098,0.0000,1.70,
76,M2,D5,heavy,210,Australia/Perth,2027-05-10,false,0.7,0.704,false,150,14,0,0,0,0,0,0,0,0,0,0,0,0.0,1.0000,0.0,0.0,1.0000,0.5484,0.4194,0.0323,5,21545.0,11,20.946,0.0098,0.0000,1.96,
76,M3,D5,heavy,210,Australia/Perth,2027-05-10,false,0.7,0.704,false,150,14,0,0,0,0,0,0,0,0,0,0,0,0.0,0.9952,10.0,10.0,0.9091,0.0000,0.6452,0.3548,4,113990.0,20,29.366,0.0153,0.0000,0.96,
77,M0,D6,light,40,Australia/Brisbane,2026-10-19,false,0.85,0.855,false,210,20,0,0,0,0,0,0,0,0,0,0,0,0.0,0.9848,80.0,40.0,0.9412,0.9839,0.0000,0.0161,0,0.0,0,0.748,0.0000,0.0000,0.74,
77,M1,D6,light,40,Australia/Brisbane,2026-10-19,false,0.85,0.855,false,210,20,0,0,0,0,0,0,0,0,0,0,0,0.0,1.0000,0.0,0.0,1.0000,0.9839,0.0161,0.0000,0,745.0,0,0.374,0.0000,0.0000,1.75,
77,M2,D6,light,40,Australia/Brisbane,2026-10-19,false,0.85,0.855,false,210,20,0,0,0,0,0,0,0,0,0,0,0,0.0,1.0000,0.0,0.0,1.0000,0.6452,0.3065,0.0484,2,7710.0,2,12.528,0.0000,0.0000,2.73,
77,M3,D6,light,40,Australia/Brisbane,2026-10-19,false,0.85,0.855,false,210,20,0,0,0,0,0,0,0,0,0,0,0,0.0,1.0000,0.0,0.0,1.0000,0.0000,0.7581,0.2419,1,88660.0,23,33.788,0.0286,0.0000,0.98,
78,M0,D1,light,45,Australia/Adelaide,2026-11-02,false,0.95,0.950,false,150,20,0,0,0,0,0,0,0,0,0,0,0,0.0,0.9749,135.0,45.0,0.9500,1.0000,0.0000,0.0000,0,0.0,0,0.000,0.0646,0.0000,0.73,
78,M1,D1,light,45,Australia/Adelaide,2026-11-02,false,0.95,0.950,false,150,20,0,0,0,0,0,0,0,0,0,0,0,0.0,0.9749,135.0,45.0,0.9500,1.0000,0.0000,0.0000,0,0.0,0,0.000,0.0646,0.0000,1.75,
78,M2,D1,light,45,Australia/Adelaide,2026-11-02,false,0.95,0.950,false,150,20,0,0,0,0,0,0,0,0,0,0,0,0.0,1.0000,0.0,0.0,1.0000,0.3279,0.6393,0.0328,4,23610.0,13,16.570,0.0646,0.0000,2.40,
78,M3,D1,light,45,Australia/Adelaide,2026-11-02,false,0.95,0.950,false,150,20,0,0,0,0,0,0,0,0,0,0,0,0.0,1.0000,0.0,0.0,1.0000,0.0164,0.8033,0.1803,10,41500.0,16,20.283,0.0097,0.0000,1.00,
79,M0,D2,light,0,Australia/Sydney,2027-02-08,false,1.1,1.104,false,150,20,0,0,0,0,0,0,0,0,0,0,0,0.0,1.0000,0.0,0.0,1.0000,1.0000,0.0000,0.0000,0,0.0,0,0.000,0.0000,0.0000,0.55,
79,M1,D2,light,0,Australia/Sydney,2027-02-08,false,1.1,1.104,false,150,20,0,0,0,0,0,0,0,0,0,0,0,0.0,1.0000,0.0,0.0,1.0000,1.0000,0.0000,0.0000,0,0.0,0,0.000,0.0000,0.0000,1.41,
79,M2,D2,light,0,Australia/Sydney,2027-02-08,false,1.1,1.104,false,150,20,0,0,0,0,0,0,0,0,0,0,0,0.0,1.0000,0.0,0.0,1.0000,1.0000,0.0000,0.0000,0,0.0,0,0.000,0.0000,0.0000,2.24,
79,M3,D2,light,0,Australia/Sydney,2027-02-08,false,1.1,1.104,false,150,20,0,0,0,0,0,0,0,0,0,0,0,0.0,1.0000,0.0,0.0,1.0000,0.0122,0.7073,0.2805,4,43600.0,25,31.854,0.0097,0.0000,0.88,
80,M0,D3,heavy,235,Australia/Lord_Howe,2027-02-08,false,0.5,0.504,false,240,8,0,0,0,0,0,0,0,0,0,0,0,0.0,0.7311,480.0,235.0,0.5714,0.9167,0.0000,0.0833,0,0.0,0,18.329,0.0751,0.0000,0.68,
80,M1,D3,heavy,235,Australia/Lord_Howe,2027-02-08,false,0.5,0.504,false,240,8,0,0,0,0,0,0,0,0,0,0,0,0.0,1.0000,0.0,0.0,1.0000,0.9167,0.0833,0.0000,2,8120.0,5,14.415,0.0582,0.0000,1.63,
80,M2,D3,heavy,235,Australia/Lord_Howe,2027-02-08,false,0.5,0.504,false,240,8,0,0,0,0,0,0,0,0,0,0,0,0.0,1.0000,0.0,0.0,1.0000,0.8000,0.2000,0.0000,0,16350.0,12,22.892,0.0582,0.0000,2.21,
80,M3,D3,heavy,235,Australia/Lord_Howe,2027-02-08,false,0.5,0.504,false,240,8,0,0,0,0,0,0,0,0,0,0,0,0.0,1.0000,0.0,0.0,1.0000,0.0000,0.8167,0.1833,2,373235.0,41,34.328,0.0135,0.0000,0.96,
81,M0,D4,light,0,Pacific/Auckland,2026-11-02,false,0.7,0.702,true,210,17,0,0,0,0,0,0,0,0,0,0,0,0.0,1.0000,0.0,0.0,1.0000,1.0000,0.0000,0.0000,0,0.0,0,0.000,0.0196,0.0000,0.68,
81,M1,D4,light,0,Pacific/Auckland,2026-11-02,false,0.7,0.702,true,210,17,0,0,0,0,0,0,0,0,0,0,0,0.0,1.0000,0.0,0.0,1.0000,1.0000,0.0000,0.0000,0,0.0,0,0.000,0.0196,0.0000,1.67,
81,M2,D4,light,0,Pacific/Auckland,2026-11-02,false,0.7,0.702,true,210,17,0,0,0,0,0,0,0,0,0,0,0,0.0,0.9551,180.0,60.0,0.9412,0.9348,0.0435,0.0217,0,65.0,0,4.384,0.0306,0.0000,2.19,
81,M3,D4,light,0,Pacific/Auckland,2026-11-02,false,0.7,0.702,true,210,17,0,0,0,0,0,0,0,0,0,0,0,0.0,1.0000,0.0,0.0,1.0000,0.0217,0.7826,0.1957,5,161025.0,18,22.538,0.0354,0.0000,0.97,
82,M0,D5,heavy,240,Australia/Lord_Howe,2026-11-16,false,0.85,0.851,false,90,7,0,0,0,0,0,0,0,0,0,0,0,0.0,0.3924,720.0,240.0,0.8333,1.0000,0.0000,0.0000,0,0.0,0,0.000,0.0000,0.0000,0.61,
82,M1,D5,heavy,240,Australia/Lord_Howe,2026-11-16,false,0.85,0.851,false,90,7,0,0,0,0,0,0,0,0,0,0,0,0.0,0.7722,270.0,90.0,0.8333,1.0000,0.0000,0.0000,5,0.0,0,3.352,0.0000,0.0000,1.47,
82,M2,D5,heavy,240,Australia/Lord_Howe,2026-11-16,false,0.85,0.851,false,90,7,0,0,0,0,0,0,0,0,0,0,0,0.0,1.0000,0.0,0.0,1.0000,0.6667,0.2708,0.0625,8,13995.0,9,17.505,0.0166,0.0000,1.49,
82,M3,D5,heavy,240,Australia/Lord_Howe,2026-11-16,false,0.85,0.851,false,90,7,0,0,0,0,0,0,0,0,0,0,0,0.0,1.0000,0.0,0.0,1.0000,0.0208,0.7083,0.2708,8,106695.0,27,26.601,0.1161,0.0000,0.87,
83,M0,D6,medium,60,Australia/Darwin,2027-03-15,false,0.95,0.946,false,120,12,0,0,0,0,0,0,0,0,0,0,0,0.0,0.9783,60.0,60.0,0.9091,1.0000,0.0000,0.0000,0,0.0,0,0.000,0.0395,0.0000,0.64,
83,M1,D6,medium,60,Australia/Darwin,2027-03-15,false,0.95,0.946,false,120,12,0,0,0,0,0,0,0,0,0,0,0,0.0,0.9783,60.0,60.0,0.9091,1.0000,0.0000,0.0000,0,0.0,0,0.000,0.0395,0.0000,1.55,
83,M2,D6,medium,60,Australia/Darwin,2027-03-15,false,0.95,0.946,false,120,12,0,0,0,0,0,0,0,0,0,0,0,0.0,1.0000,0.0,0.0,1.0000,0.4545,0.5455,0.0000,6,17315.0,11,13.498,0.0395,0.0000,1.97,
83,M3,D6,medium,60,Australia/Darwin,2027-03-15,false,0.95,0.946,false,120,12,0,0,0,0,0,0,0,0,0,0,0,0.0,1.0000,0.0,0.0,1.0000,0.0000,0.8409,0.1591,13,123325.0,18,23.736,0.0194,0.0000,0.92,
84,M0,D1,light,40,Australia/Perth,2027-05-10,false,1.1,1.101,false,180,20,0,0,0,0,0,0,0,0,0,0,0,0.0,0.9821,120.0,40.0,0.9474,1.0000,0.0000,0.0000,0,0.0,0,0.000,0.0536,0.0000,0.64,
84,M1,D1,light,40,Australia/Perth,2027-05-10,false,1.1,1.101,false,180,20,0,0,0,0,0,0,0,0,0,0,0,0.0,0.9821,120.0,40.0,0.9474,1.0000,0.0000,0.0000,0,0.0,0,0.000,0.0536,0.0000,1.60,
84,M2,D1,light,40,Australia/Perth,2027-05-10,false,1.1,1.101,false,180,20,0,0,0,0,0,0,0,0,0,0,0,0.0,1.0000,0.0,0.0,1.0000,0.5412,0.4118,0.0471,4,27700.0,9,14.299,0.0536,0.0000,2.33,
84,M3,D1,light,40,Australia/Perth,2027-05-10,false,1.1,1.101,false,180,20,0,0,0,0,0,0,0,0,0,0,0,0.0,1.0000,0.0,0.0,1.0000,0.0353,0.8588,0.1059,14,59260.0,36,33.180,0.0090,0.0000,0.91,
85,M0,D2,light,0,Australia/Perth,2027-02-08,false,0.5,0.500,true,240,7,0,0,0,0,0,0,0,0,0,0,0,0.0,1.0000,0.0,0.0,1.0000,1.0000,0.0000,0.0000,0,0.0,0,0.000,0.0000,0.0000,0.71,
85,M1,D2,light,0,Australia/Perth,2027-02-08,false,0.5,0.500,true,240,7,0,0,0,0,0,0,0,0,0,0,0,0.0,1.0000,0.0,0.0,1.0000,1.0000,0.0000,0.0000,0,0.0,0,0.000,0.0000,0.0000,1.59,
85,M2,D2,light,0,Australia/Perth,2027-02-08,false,0.5,0.500,true,240,7,0,0,0,0,0,0,0,0,0,0,0,0.0,1.0000,0.0,0.0,1.0000,1.0000,0.0000,0.0000,0,0.0,0,0.000,0.0000,0.0000,1.83,
85,M3,D2,light,0,Australia/Perth,2027-02-08,false,0.5,0.500,true,240,7,0,0,0,0,0,0,0,0,0,0,0,0.0,1.0000,0.0,0.0,1.0000,0.0000,1.0000,0.0000,10,268015.0,20,16.097,0.0202,0.0000,0.95,
86,M0,D3,medium,180,Australia/Sydney,2027-02-08,false,0.7,0.696,false,180,15,0,0,0,0,0,0,0,0,0,0,0,0.0,0.9324,210.0,180.0,0.7500,0.8919,0.0000,0.1081,0,0.0,0,13.956,0.0000,0.0000,0.60,
86,M1,D3,medium,180,Australia/Sydney,2027-02-08,false,0.7,0.696,false,180,15,0,0,0,0,0,0,0,0,0,0,0,0.0,1.0000,0.0,0.0,1.0000,0.8919,0.1081,0.0000,2,28540.0,4,10.783,0.0000,0.0000,1.51,
86,M2,D3,medium,180,Australia/Sydney,2027-02-08,false,0.7,0.696,false,180,15,0,0,0,0,0,0,0,0,0,0,0,0.0,1.0000,0.0,0.0,1.0000,0.4324,0.5405,0.0270,0,29725.0,20,25.410,0.0000,0.0000,1.89,
86,M3,D3,medium,180,Australia/Sydney,2027-02-08,false,0.7,0.696,false,180,15,0,0,0,0,0,0,0,0,0,0,0,0.0,1.0000,0.0,0.0,1.0000,0.0000,0.7838,0.2162,5,121210.0,24,26.792,0.0332,0.0000,0.87,
87,M0,D4,medium,110,Australia/Sydney,2026-11-16,false,0.85,0.849,false,210,20,0,0,0,0,0,0,0,0,0,0,0,0.0,0.9697,160.0,110.0,0.8889,0.9630,0.0000,0.0370,0,0.0,0,1.588,0.0019,0.0000,0.59,
87,M1,D4,medium,110,Australia/Sydney,2026-11-16,false,0.85,0.849,false,210,20,0,0,0,0,0,0,0,0,0,0,0,0.0,1.0000,0.0,0.0,1.0000,0.9630,0.0370,0.0000,0,1500.0,0,0.794,0.0019,0.0000,1.47,
87,M2,D4,medium,110,Australia/Sydney,2026-11-16,false,0.85,0.849,false,210,20,0,0,0,0,0,0,0,0,0,0,0,0.0,1.0000,0.0,0.0,1.0000,0.9444,0.0556,0.0000,0,550.0,0,1.186,0.0019,0.0000,2.09,
87,M3,D4,medium,110,Australia/Sydney,2026-11-16,false,0.85,0.849,false,210,20,0,0,0,0,0,0,0,0,0,0,0,0.0,1.0000,0.0,0.0,1.0000,0.0000,0.7593,0.2407,4,93005.0,17,21.331,0.0167,0.0000,0.92,
88,M0,D5,medium,120,Pacific/Auckland,2026-11-02,false,0.95,0.946,false,90,13,0,0,0,0,0,0,0,0,0,0,0,0.0,0.9227,240.0,120.0,0.9167,1.0000,0.0000,0.0000,0,0.0,0,0.000,0.0931,0.0000,0.60,
88,M1,D5,medium,120,Pacific/Auckland,2026-11-02,false,0.95,0.946,false,90,13,0,0,0,0,0,0,0,0,0,0,0,0.0,0.9227,240.0,120.0,0.9167,1.0000,0.0000,0.0000,0,0.0,0,0.000,0.0931,0.0000,1.54,
88,M2,D5,medium,120,Pacific/Auckland,2026-11-02,false,0.95,0.946,false,90,13,0,0,0,0,0,0,0,0,0,0,0,0.0,1.0000,0.0,0.0,1.0000,0.2821,0.6410,0.0769,6,53385.0,21,12.570,0.0931,0.0000,2.12,
88,M3,D5,medium,120,Pacific/Auckland,2026-11-02,false,0.95,0.946,false,90,13,0,0,0,0,0,0,0,0,0,0,0,0.0,1.0000,0.0,0.0,1.0000,0.0000,0.7692,0.2308,12,61245.0,23,16.820,0.0030,0.0000,1.18,
89,M0,D6,heavy,280,Europe/London,2026-10-19,true,1.1,1.098,true,240,21,0,0,0,0,0,0,0,0,0,0,0,0.0,0.9475,520.0,280.0,0.9048,1.0000,0.0000,0.0000,0,0.0,0,0.000,0.1830,0.2857,0.68,
89,M1,D6,heavy,280,Europe/London,2026-10-19,true,1.1,1.098,true,240,21,0,0,0,0,0,0,0,0,0,0,0,0.0,0.9556,440.0,240.0,0.9048,1.0000,0.0000,0.0000,1,0.0,0,0.950,0.1639,0.2857,1.73,
89,M2,D6,heavy,280,Europe/London,2026-10-19,true,1.1,1.098,true,240,21,0,2,0,0,0,1,0,1,0,0,0,30.0,0.9869,130.0,45.0,0.9048,0.1043,0.8348,0.0609,10,168670.0,79,44.229,0.0998,0.1429,3.05,2026-10-31 t15: ends after due
89,M3,D6,heavy,280,Europe/London,2026-10-19,true,1.1,1.098,true,240,21,0,0,0,0,0,0,0,0,0,0,0,0.0,1.0000,0.0,0.0,1.0000,0.0609,0.8348,0.1043,22,168715.0,73,48.831,0.0056,0.0000,1.23,
90,M0,D1,light,15,Australia/Sydney,2026-09-21,true,0.5,0.497,true,180,6,0,0,0,0,0,0,0,0,0,0,0,0.0,0.9730,30.0,15.0,0.8333,1.0000,0.0000,0.0000,0,0.0,0,0.000,0.0000,0.0000,0.78,
90,M1,D1,light,15,Australia/Sydney,2026-09-21,true,0.5,0.497,true,180,6,0,0,0,0,0,0,0,0,0,0,0,0.0,1.0000,0.0,0.0,1.0000,1.0000,0.0000,0.0000,1,0.0,0,0.364,0.0000,0.0000,1.86,
90,M2,D1,light,15,Australia/Sydney,2026-09-21,true,0.5,0.497,true,180,6,0,0,0,0,0,0,0,0,0,0,0,0.0,1.0000,0.0,0.0,1.0000,0.8654,0.1346,0.0000,0,2530.0,1,2.335,0.0000,0.0000,2.59,
90,M3,D1,light,15,Australia/Sydney,2026-09-21,true,0.5,0.497,true,180,6,0,0,0,0,0,0,0,0,0,0,0,0.0,1.0000,0.0,0.0,1.0000,0.0385,0.8077,0.1538,1,354820.0,33,21.344,0.0491,0.0000,1.10,
91,M0,D2,medium,110,Australia/Darwin,2026-10-19,false,0.7,0.702,true,210,17,0,0,0,0,0,0,0,0,0,0,0,0.0,0.9373,240.0,110.0,0.8824,0.9583,0.0000,0.0417,0,0.0,0,5.487,0.0000,0.0000,0.86,
91,M1,D2,medium,110,Australia/Darwin,2026-10-19,false,0.7,0.702,true,210,17,0,0,0,0,0,0,0,0,0,0,0,0.0,0.9725,105.0,65.0,0.8824,0.9583,0.0208,0.0208,0,7800.0,1,4.811,0.0000,0.0000,1.81,
91,M2,D2,medium,110,Australia/Darwin,2026-10-19,false,0.7,0.702,true,210,17,0,0,0,0,0,0,0,0,0,0,0,0.0,1.0000,0.0,0.0,1.0000,0.4792,0.5000,0.0208,3,14765.0,10,18.863,0.0000,0.0000,2.64,
91,M3,D2,medium,110,Australia/Darwin,2026-10-19,false,0.7,0.702,true,210,17,0,0,0,0,0,0,0,0,0,0,0,0.0,0.9987,5.0,5.0,0.9412,0.0417,0.7292,0.2292,5,132025.0,18,23.654,0.0515,0.0000,1.04,
92,M0,D3,light,35,Australia/Perth,2027-05-10,false,0.85,0.851,false,180,20,0,0,0,0,0,0,0,0,0,0,0,0.0,0.9808,90.0,35.0,0.8824,0.9667,0.0000,0.0333,0,0.0,0,6.445,0.0000,0.0000,0.71,
92,M1,D3,light,35,Australia/Perth,2027-05-10,false,0.85,0.851,false,180,20,0,0,0,0,0,0,0,0,0,0,0,0.0,0.9808,90.0,35.0,0.8824,0.9667,0.0000,0.0333,0,0.0,0,6.445,0.0000,0.0000,1.72,
92,M2,D3,light,35,Australia/Perth,2027-05-10,false,0.85,0.851,false,180,20,0,0,0,0,0,0,0,0,0,0,0,0.0,1.0000,0.0,0.0,1.0000,0.3167,0.6000,0.0833,5,15460.0,11,21.241,0.0000,0.0000,2.66,
92,M3,D3,light,35,Australia/Perth,2027-05-10,false,0.85,0.851,false,180,20,0,0,0,0,0,0,0,0,0,0,0,0.0,1.0000,0.0,0.0,1.0000,0.0000,0.7500,0.2500,6,22290.0,10,24.605,0.0064,0.0000,1.01,
93,M0,D4,heavy,255,Australia/Melbourne,2026-11-16,false,0.95,0.949,true,210,20,0,0,0,0,0,0,0,0,0,0,0,0.0,0.9328,495.0,255.0,0.7500,0.9324,0.0000,0.0676,0,0.0,0,5.970,0.0511,0.0000,0.75,
93,M1,D4,heavy,255,Australia/Melbourne,2026-11-16,false,0.95,0.949,true,210,20,0,0,0,0,0,0,0,0,0,0,0,0.0,1.0000,0.0,0.0,1.0000,0.9324,0.0676,0.0000,2,2410.0,0,2.791,0.0511,0.0000,1.84,
93,M2,D4,heavy,255,Australia/Melbourne,2026-11-16,false,0.95,0.949,true,210,20,0,0,0,0,0,0,0,0,0,0,0,0.0,1.0000,0.0,0.0,1.0000,0.8919,0.1081,0.0000,0,960.0,0,4.227,0.0511,0.0000,3.36,
93,M3,D4,heavy,255,Australia/Melbourne,2026-11-16,false,0.95,0.949,true,210,20,0,0,0,0,0,0,0,0,0,0,0,0.0,1.0000,0.0,0.0,1.0000,0.0000,0.7973,0.2027,14,45910.0,23,28.393,0.0284,0.0000,1.08,
94,M0,D5,heavy,240,Australia/Melbourne,2026-10-19,false,1.1,1.097,true,210,21,0,0,0,0,0,0,0,0,0,0,0,0.0,0.9615,360.0,300.0,0.9048,1.0000,0.0000,0.0000,0,0.0,0,0.000,0.0000,0.0000,0.71,
94,M1,D5,heavy,240,Australia/Melbourne,2026-10-19,false,1.1,1.097,true,210,21,0,0,0,0,0,0,0,0,0,0,0,0.0,0.9615,360.0,300.0,0.9048,1.0000,0.0000,0.0000,0,0.0,0,0.000,0.0000,0.0000,1.75,
94,M2,D5,heavy,240,Australia/Melbourne,2026-10-19,false,1.1,1.097,true,210,21,0,0,0,0,0,0,0,0,0,0,0,0.0,0.9877,115.0,85.0,0.8571,0.2927,0.5976,0.1098,9,67130.0,31,23.554,0.0000,0.0000,2.42,
94,M3,D5,heavy,240,Australia/Melbourne,2026-10-19,false,1.1,1.097,true,210,21,0,0,0,0,0,0,0,0,0,0,0,0.0,0.9984,15.0,15.0,0.9524,0.0610,0.7927,0.1463,19,80815.0,39,27.471,0.0006,0.0000,1.02,
95,M0,D6,medium,90,Australia/Hobart,2026-11-02,false,0.5,0.503,true,210,7,0,0,0,0,0,0,0,0,0,0,0,0.0,1.0000,0.0,0.0,1.0000,0.9730,0.0000,0.0270,0,0.0,0,2.462,0.0919,0.0000,0.70,
95,M1,D6,medium,90,Australia/Hobart,2026-11-02,false,0.5,0.503,true,210,7,0,0,0,0,0,0,0,0,0,0,0,0.0,1.0000,0.0,0.0,1.0000,0.9730,0.0000,0.0270,0,0.0,0,2.462,0.0919,0.0000,1.72,
95,M2,D6,medium,90,Australia/Hobart,2026-11-02,false,0.5,0.503,true,210,7,0,0,0,0,0,0,0,0,0,0,0,0.0,1.0000,0.0,0.0,1.0000,0.9730,0.0270,0.0000,1,900.0,1,2.227,0.0689,0.0000,2.30,
95,M3,D6,medium,90,Australia/Hobart,2026-11-02,false,0.5,0.503,true,210,7,0,0,0,0,0,0,0,0,0,0,0,0.0,1.0000,0.0,0.0,1.0000,0.0000,1.0000,0.0000,7,438265.0,25,15.198,0.0134,0.0000,1.04,
96,M0,D1,medium,65,Australia/Sydney,2026-09-21,true,0.7,0.702,false,210,18,0,0,0,0,0,0,0,0,0,0,0,0.0,0.9860,65.0,65.0,0.9444,1.0000,0.0000,0.0000,0,0.0,0,0.000,0.0262,0.0000,0.70,
96,M1,D1,medium,65,Australia/Sydney,2026-09-21,true,0.7,0.702,false,210,18,0,0,0,0,0,0,0,0,0,0,0,0.0,0.9860,65.0,65.0,0.9444,1.0000,0.0000,0.0000,0,0.0,0,0.000,0.0262,0.0000,1.62,
96,M2,D1,medium,65,Australia/Sydney,2026-09-21,true,0.7,0.702,false,210,18,0,0,0,0,0,0,0,0,0,0,0,0.0,1.0000,0.0,0.0,1.0000,0.4590,0.4754,0.0656,6,13400.0,9,18.182,0.0262,0.0000,2.43,
96,M3,D1,medium,65,Australia/Sydney,2026-09-21,true,0.7,0.702,false,210,18,0,0,0,0,0,0,0,0,0,0,0,0.0,1.0000,0.0,0.0,1.0000,0.0328,0.7049,0.2623,12,97465.0,19,25.165,0.0381,0.0000,1.00,
97,M0,D2,light,0,Australia/Adelaide,2026-10-19,false,0.85,0.857,false,150,14,0,0,0,0,0,0,0,0,0,0,0,0.0,1.0000,0.0,0.0,1.0000,1.0000,0.0000,0.0000,0,0.0,0,0.000,0.0305,0.0000,0.72,
97,M1,D2,light,0,Australia/Adelaide,2026-10-19,false,0.85,0.857,false,150,14,0,0,0,0,0,0,0,0,0,0,0,0.0,1.0000,0.0,0.0,1.0000,1.0000,0.0000,0.0000,0,0.0,0,0.000,0.0305,0.0000,1.75,
97,M2,D2,light,0,Australia/Adelaide,2026-10-19,false,0.85,0.857,false,150,14,0,1,0,0,0,1,0,0,0,0,0,0.0,1.0000,0.0,0.0,1.0000,0.7606,0.2394,0.0000,1,11585.0,4,9.582,0.0305,0.0000,2.94,"2026-10-24: 0 min break, needs 10"
97,M3,D2,light,0,Australia/Adelaide,2026-10-19,false,0.85,0.857,false,150,14,0,0,0,0,0,0,0,0,0,0,0,0.0,1.0000,0.0,0.0,1.0000,0.0000,0.8169,0.1831,1,245775.0,42,40.954,0.0392,0.0000,1.02,
98,M0,D3,medium,180,Australia/Adelaide,2027-03-15,true,0.95,0.946,false,180,20,0,0,0,0,0,0,0,0,0,0,0,0.0,0.9177,390.0,180.0,0.7333,0.9318,0.0000,0.0682,0,0.0,0,18.931,0.0798,0.0000,0.67,
98,M1,D3,medium,180,Australia/Adelaide,2027-03-15,true,0.95,0.946,false,180,20,0,0,0,0,0,0,0,0,0,0,0,0.0,0.9177,390.0,180.0,0.7333,0.9318,0.0000,0.0682,0,0.0,0,18.931,0.0798,0.0000,1.64,
98,M2,D3,medium,180,Australia/Adelaide,2027-03-15,true,0.95,0.946,false,180,20,0,0,0,0,0,0,0,0,0,0,0,0.0,1.0000,0.0,0.0,1.0000,0.2500,0.7045,0.0455,2,99365.0,55,47.781,0.0459,0.0000,2.54,
98,M3,D3,medium,180,Australia/Adelaide,2027-03-15,true,0.95,0.946,false,180,20,0,0,0,0,0,0,0,0,0,0,0,0.0,1.0000,0.0,0.0,1.0000,0.0795,0.7614,0.1591,6,107985.0,51,48.576,0.0111,0.0000,0.98,
99,M0,D4,heavy,235,Australia/Melbourne,2026-11-16,false,1.1,1.098,false,120,17,0,0,0,0,0,0,0,0,0,0,0,0.0,0.9420,215.0,115.0,0.8750,0.8889,0.0000,0.1111,0,0.0,0,1.562,0.0439,0.0000,0.69,
99,M1,D4,heavy,235,Australia/Melbourne,2026-11-16,false,1.1,1.098,false,120,17,0,0,0,0,0,0,0,0,0,0,0,0.0,1.0000,0.0,0.0,1.0000,0.8889,0.0556,0.0556,1,870.0,0,1.164,0.0439,0.0000,1.68,
99,M2,D4,heavy,235,Australia/Melbourne,2026-11-16,false,1.1,1.098,false,120,17,0,0,0,0,0,0,0,0,0,0,0,0.0,1.0000,0.0,0.0,1.0000,0.8056,0.1944,0.0000,1,315.0,0,1.413,0.0162,0.0000,2.07,
99,M3,D4,heavy,235,Australia/Melbourne,2026-11-16,false,1.1,1.098,false,120,17,0,0,0,0,0,0,0,0,0,0,0,0.0,1.0000,0.0,0.0,1.0000,0.0000,0.8611,0.1389,12,66380.0,15,18.920,0.0148,0.0000,0.98,
100,M0,D5,medium,150,Australia/Melbourne,2026-11-16,false,0.5,0.500,true,180,7,0,0,0,0,0,0,0,0,0,0,0,0.0,0.8058,300.0,150.0,0.8571,1.0000,0.0000,0.0000,0,0.0,0,0.000,0.0571,0.0000,0.65,
100,M1,D5,medium,150,Australia/Melbourne,2026-11-16,false,0.5,0.500,true,180,7,0,0,0,0,0,0,0,0,0,0,0,0.0,1.0000,0.0,0.0,1.0000,1.0000,0.0000,0.0000,3,0.0,0,2.892,0.0499,0.0000,1.60,
100,M2,D5,medium,150,Australia/Melbourne,2026-11-16,false,0.5,0.500,true,180,7,0,0,0,0,0,0,0,0,0,0,0,0.0,1.0000,0.0,0.0,1.0000,1.0000,0.0000,0.0000,3,0.0,0,2.528,0.0499,0.0000,1.86,
100,M3,D5,medium,150,Australia/Melbourne,2026-11-16,false,0.5,0.500,true,180,7,0,0,0,0,0,0,0,0,0,0,0,0.0,1.0000,0.0,0.0,1.0000,0.0000,0.9167,0.0833,12,256005.0,19,14.038,0.0538,0.0000,0.95,
101,M0,D6,light,0,Australia/Sydney,2026-11-16,false,0.7,0.839,false,90,6,0,0,0,0,0,0,0,0,0,0,0,0.0,1.0000,0.0,0.0,1.0000,1.0000,0.0000,0.0000,0,0.0,0,0.000,0.0079,0.0000,0.71,
101,M1,D6,light,0,Australia/Sydney,2026-11-16,false,0.7,0.839,false,90,6,0,0,0,0,0,0,0,0,0,0,0,0.0,1.0000,0.0,0.0,1.0000,1.0000,0.0000,0.0000,0,0.0,0,0.000,0.0079,0.0000,1.63,
101,M2,D6,light,0,Australia/Sydney,2026-11-16,false,0.7,0.839,false,90,6,0,0,0,0,0,0,0,0,0,0,0,0.0,1.0000,0.0,0.0,1.0000,1.0000,0.0000,0.0000,0,0.0,0,0.000,0.0079,0.0000,2.05,
101,M3,D6,light,0,Australia/Sydney,2026-11-16,false,0.7,0.839,false,90,6,0,0,0,0,0,0,0,0,0,0,0,0.0,1.0000,0.0,0.0,1.0000,0.0000,0.7778,0.2222,4,108600.0,22,12.760,0.0182,0.0000,0.96,
102,M0,D1,light,45,Australia/Darwin,2027-02-08,false,0.85,0.839,true,120,12,0,0,0,0,0,0,0,0,0,0,0,0.0,0.9871,45.0,45.0,0.9167,1.0000,0.0000,0.0000,0,0.0,0,0.000,0.0044,0.0000,0.70,
102,M1,D1,light,45,Australia/Darwin,2027-02-08,false,0.85,0.839,true,120,12,0,0,0,0,0,0,0,0,0,0,0,0.0,1.0000,0.0,0.0,1.0000,1.0000,0.0000,0.0000,1,0.0,0,1.000,0.0022,0.0000,1.72,
102,M2,D1,light,45,Australia/Darwin,2027-02-08,false,0.85,0.839,true,120,12,0,0,0,0,0,0,0,0,0,0,0,0.0,1.0000,0.0,0.0,1.0000,1.0000,0.0000,0.0000,1,0.0,0,1.000,0.0022,0.0000,2.13,
102,M3,D1,light,45,Australia/Darwin,2027-02-08,false,0.85,0.839,true,120,12,0,0,0,0,0,0,0,0,0,0,0,0.0,1.0000,0.0,0.0,1.0000,0.0000,0.8929,0.1071,2,123395.0,16,11.910,0.0543,0.0000,0.99,
103,M0,D2,light,0,Australia/Brisbane,2026-10-12,false,0.95,0.950,false,150,17,0,0,0,0,0,0,0,0,0,0,0,0.0,1.0000,0.0,0.0,1.0000,1.0000,0.0000,0.0000,0,0.0,0,0.000,0.1024,0.0000,0.59,
103,M1,D2,light,0,Australia/Brisbane,2026-10-12,false,0.95,0.950,false,150,17,0,0,0,0,0,0,0,0,0,0,0,0.0,1.0000,0.0,0.0,1.0000,1.0000,0.0000,0.0000,0,0.0,0,0.000,0.1024,0.0000,1.51,
103,M2,D2,light,0,Australia/Brisbane,2026-10-12,false,0.95,0.950,false,150,17,0,0,0,0,0,0,0,0,0,0,0,0.0,1.0000,0.0,0.0,1.0000,1.0000,0.0000,0.0000,0,0.0,0,0.000,0.1024,0.0000,1.98,
103,M3,D2,light,0,Australia/Brisbane,2026-10-12,false,0.95,0.950,false,150,17,0,0,0,0,0,0,0,0,0,0,0,0.0,1.0000,0.0,0.0,1.0000,0.0000,0.7963,0.2037,6,80350.0,18,19.892,0.0280,0.0000,0.89,
104,M0,D3,medium,70,America/Los_Angeles,2027-02-08,false,1.1,1.095,false,180,20,0,0,0,0,0,0,0,0,0,0,0,0.0,0.9688,165.0,70.0,0.8000,0.9694,0.0000,0.0306,0,0.0,0,10.184,0.0390,0.0000,0.65,
104,M1,D3,medium,70,America/Los_Angeles,2027-02-08,false,1.1,1.095,false,180,20,0,0,0,0,0,0,0,0,0,0,0,0.0,0.9688,165.0,70.0,0.8000,0.9694,0.0000,0.0306,0,0.0,0,10.184,0.0390,0.0000,1.62,
104,M2,D3,medium,70,America/Los_Angeles,2027-02-08,false,1.1,1.095,false,180,20,0,4,3,0,0,1,0,0,0,0,0,70.0,1.0000,0.0,0.0,1.0000,0.6939,0.2959,0.0102,0,5690.0,1,4.655,0.0390,0.0000,2.76,2027-02-15 t0: 15 min over Time off
104,M3,D3,medium,70,America/Los_Angeles,2027-02-08,false,1.1,1.095,false,180,20,0,0,0,0,0,0,0,0,0,0,0,0.0,0.9943,30.0,15.0,0.9333,0.0510,0.7449,0.2041,5,97410.0,45,44.528,0.0242,0.0000,0.93,
105,M0,D4,light,0,Australia/Sydney,2027-05-10,false,0.5,0.496,false,120,6,0,0,0,0,0,0,0,0,0,0,0,0.0,1.0000,0.0,0.0,1.0000,1.0000,0.0000,0.0000,0,0.0,0,0.000,0.0342,0.0000,0.65,
105,M1,D4,light,0,Australia/Sydney,2027-05-10,false,0.5,0.496,false,120,6,0,0,0,0,0,0,0,0,0,0,0,0.0,1.0000,0.0,0.0,1.0000,1.0000,0.0000,0.0000,0,0.0,0,0.000,0.0342,0.0000,1.62,
105,M2,D4,light,0,Australia/Sydney,2027-05-10,false,0.5,0.496,false,120,6,0,0,0,0,0,0,0,0,0,0,0,0.0,1.0000,0.0,0.0,1.0000,1.0000,0.0000,0.0000,0,0.0,0,0.000,0.0342,0.0000,1.84,
105,M3,D4,light,0,Australia/Sydney,2027-05-10,false,0.5,0.496,false,120,6,0,0,0,0,0,0,0,0,0,0,0,0.0,1.0000,0.0,0.0,1.0000,0.0000,1.0000,0.0000,12,200435.0,14,9.057,0.0601,0.0000,0.98,
106,M0,D5,heavy,210,Australia/Melbourne,2026-10-12,false,0.7,0.699,false,240,20,0,0,0,0,0,0,0,0,0,0,0,0.0,0.8929,630.0,210.0,0.9500,1.0000,0.0000,0.0000,0,0.0,0,0.000,0.0000,0.0000,0.60,
106,M1,D5,heavy,210,Australia/Melbourne,2026-10-12,false,0.7,0.699,false,240,20,0,0,0,0,0,0,0,0,0,0,0,0.0,0.8929,630.0,210.0,0.9500,1.0000,0.0000,0.0000,0,0.0,0,0.000,0.0000,0.0000,1.53,
106,M2,D5,heavy,210,Australia/Melbourne,2026-10-12,false,0.7,0.699,false,240,20,0,0,0,0,0,0,0,0,0,0,0,0.0,1.0000,0.0,0.0,1.0000,0.3433,0.5672,0.0896,7,50505.0,32,35.558,0.0155,0.0000,1.94,
106,M3,D5,heavy,210,Australia/Melbourne,2026-10-12,false,0.7,0.699,false,240,20,0,0,0,0,0,0,0,0,0,0,0,0.0,1.0000,0.0,0.0,1.0000,0.0000,0.7015,0.2985,10,134365.0,41,44.475,0.0195,0.0000,0.88,
107,M0,D6,medium,60,America/Los_Angeles,2027-02-08,false,0.85,0.851,false,90,11,0,0,0,0,0,0,0,0,0,0,0,0.0,0.9474,120.0,60.0,0.8889,1.0000,0.0000,0.0000,0,0.0,0,0.000,0.0365,0.0000,0.52,
107,M1,D6,medium,60,America/Los_Angeles,2027-02-08,false,0.85,0.851,false,90,11,0,0,0,0,0,0,0,0,0,0,0,0.0,0.9474,120.0,60.0,0.8889,1.0000,0.0000,0.0000,0,0.0,0,0.000,0.0365,0.0000,1.33,
107,M2,D6,medium,60,America/Los_Angeles,2027-02-08,false,0.85,0.851,false,90,11,0,0,0,0,0,0,0,0,0,0,0,0.0,1.0000,0.0,0.0,1.0000,0.4706,0.4412,0.0882,5,10000.0,7,14.184,0.0792,0.0000,1.46,
107,M3,D6,medium,60,America/Los_Angeles,2027-02-08,false,0.85,0.851,false,90,11,0,0,0,0,0,0,0,0,0,0,0,0.0,1.0000,0.0,0.0,1.0000,0.0000,0.7059,0.2941,6,55150.0,14,21.374,0.0311,0.0000,0.79,
108,M0,D1,light,15,Australia/Brisbane,2027-02-08,false,0.95,0.957,false,150,20,0,0,0,0,0,0,0,0,0,0,0,0.0,0.9933,30.0,15.0,0.9474,1.0000,0.0000,0.0000,0,0.0,0,0.000,0.0000,0.0000,0.60,
108,M1,D1,light,15,Australia/Brisbane,2027-02-08,false,0.95,0.957,false,150,20,0,0,0,0,0,0,0,0,0,0,0,0.0,0.9933,30.0,15.0,0.9474,1.0000,0.0000,0.0000,0,0.0,0,0.000,0.0000,0.0000,1.52,
108,M2,D1,light,15,Australia/Brisbane,2027-02-08,false,0.95,0.957,false,150,20,0,0,0,0,0,0,0,0,0,0,0,0.0,1.0000,0.0,0.0,1.0000,0.4063,0.5729,0.0208,3,2135.0,1,3.391,0.0000,0.0000,2.46,
108,M3,D1,light,15,Australia/Brisbane,2027-02-08,false,0.95,0.957,false,150,20,0,0,0,0,0,0,0,0,0,0,0,0.0,1.0000,0.0,0.0,1.0000,0.0000,0.8021,0.1979,2,58875.0,39,37.379,0.0143,0.0000,0.90,
109,M0,D2,medium,100,America/Los_Angeles,2027-02-08,false,1.1,1.097,true,210,20,0,0,0,0,0,0,0,0,0,0,0,0.0,0.8944,870.0,370.0,0.7500,0.9750,0.0000,0.0250,0,0.0,0,3.640,0.0000,0.0000,0.63,
109,M1,D2,medium,100,America/Los_Angeles,2027-02-08,false,1.1,1.097,true,210,20,0,0,0,0,0,0,0,0,0,0,0,0.0,0.9126,720.0,270.0,0.8500,0.9750,0.0250,0.0000,2,630.0,0,2.386,0.0000,0.0000,1.60,
109,M2,D2,medium,100,America/Los_Angeles,2027-02-08,false,1.1,1.097,true,210,20,0,3,2,0,0,1,0,0,0,0,0,80.0,0.9259,610.0,250.0,0.8500,0.7750,0.2125,0.0125,1,9995.0,5,11.920,0.0000,0.0000,2.83,2027-02-15 t17: 50 min over Something came up
109,M3,D2,medium,100,America/Los_Angeles,2027-02-08,false,1.1,1.097,true,210,20,0,0,0,0,0,0,0,0,0,0,0,0.0,0.9089,750.0,250.0,0.9000,0.0625,0.8000,0.1375,10,58380.0,30,28.617,0.0055,0.0000,0.95,
110,M0,D3,light,0,Australia/Sydney,2027-05-10,false,0.5,0.500,true,240,8,0,0,0,0,0,0,0,0,0,0,0,0.0,1.0000,0.0,0.0,1.0000,1.0000,0.0000,0.0000,0,0.0,0,0.000,0.0270,0.0000,0.56,
110,M1,D3,light,0,Australia/Sydney,2027-05-10,false,0.5,0.500,true,240,8,0,0,0,0,0,0,0,0,0,0,0,0.0,1.0000,0.0,0.0,1.0000,1.0000,0.0000,0.0000,0,0.0,0,0.000,0.0270,0.0000,1.39,
110,M2,D3,light,0,Australia/Sydney,2027-05-10,false,0.5,0.500,true,240,8,0,0,0,0,0,0,0,0,0,0,0,0.0,1.0000,0.0,0.0,1.0000,1.0000,0.0000,0.0000,0,0.0,0,0.000,0.0270,0.0000,1.64,
110,M3,D3,light,0,Australia/Sydney,2027-05-10,false,0.5,0.500,true,240,8,0,0,0,0,0,0,0,0,0,0,0,0.0,1.0000,0.0,0.0,1.0000,0.0000,1.0000,0.0000,9,327930.0,24,10.835,0.0189,0.0000,0.86,
111,M0,D4,light,50,America/Los_Angeles,2026-10-12,true,0.7,0.705,false,120,10,0,0,0,0,0,0,0,0,0,0,0,0.0,1.0000,0.0,0.0,1.0000,0.9524,0.0000,0.0476,0,0.0,0,0.536,0.0590,0.0000,0.82,
111,M1,D4,light,50,America/Los_Angeles,2026-10-12,true,0.7,0.705,false,120,10,0,0,0,0,0,0,0,0,0,0,0,0.0,1.0000,0.0,0.0,1.0000,0.9524,0.0000,0.0476,0,0.0,0,0.536,0.0590,0.0000,1.94,
111,M2,D4,light,50,America/Los_Angeles,2026-10-12,true,0.7,0.705,false,120,10,0,1,0,0,0,1,0,0,0,0,0,0.0,1.0000,0.0,0.0,1.0000,0.5952,0.4048,0.0000,1,4250.0,2,6.102,0.0044,0.0000,2.52,"2026-10-18: 0 min break, needs 10"
111,M3,D4,light,50,America/Los_Angeles,2026-10-12,true,0.7,0.705,false,120,10,0,0,0,0,0,0,0,0,0,0,0,0.0,1.0000,0.0,0.0,1.0000,0.0238,0.6667,0.3095,1,122505.0,17,18.837,0.0885,0.0000,1.09,
112,M0,D5,medium,180,Australia/Hobart,2026-11-16,false,0.85,0.848,true,120,11,0,0,0,0,0,0,0,0,0,0,0,0.0,0.8085,540.0,180.0,0.8889,1.0000,0.0000,0.0000,0,0.0,0,0.000,0.0296,0.0000,0.64,
112,M1,D5,medium,180,Australia/Hobart,2026-11-16,false,0.85,0.848,true,120,11,0,0,0,0,0,0,0,0,0,0,0,0.0,0.9096,255.0,85.0,0.8889,1.0000,0.0000,0.0000,3,0.0,0,0.655,0.0296,0.0000,1.53,
112,M2,D5,medium,180,Australia/Hobart,2026-11-16,false,0.85,0.848,true,120,11,0,0,0,0,0,0,0,0,0,0,0,0.0,1.0000,0.0,0.0,1.0000,0.6512,0.3023,0.0465,7,17335.0,9,14.555,0.0296,0.0000,1.67,
112,M3,D5,medium,180,Australia/Hobart,2026-11-16,false,0.85,0.848,true,120,11,0,0,0,0,0,0,0,0,0,0,0,0.0,1.0000,0.0,0.0,1.0000,0.0000,0.6279,0.3721,8,112505.0,22,24.455,0.0452,0.0000,0.92,
113,M0,D6,heavy,205,Australia/Lord_Howe,2026-11-16,false,0.95,0.961,false,180,20,0,0,0,0,0,0,0,0,0,0,0,0.0,0.9276,420.0,205.0,0.8421,0.9359,0.0000,0.0641,0,0.0,0,12.667,0.0000,0.0000,0.58,
113,M1,D6,heavy,205,Australia/Lord_Howe,2026-11-16,false,0.95,0.961,false,180,20,0,0,0,0,0,0,0,0,0,0,0,0.0,0.9397,350.0,170.0,0.8947,0.9359,0.0128,0.0513,0,695.0,0,12.295,0.0000,0.0000,1.49,
113,M2,D6,heavy,205,Australia/Lord_Howe,2026-11-16,false,0.95,0.961,false,180,20,0,0,0,0,0,0,0,0,0,0,0,0.0,0.9681,185.0,130.0,0.8947,0.4103,0.5385,0.0513,0,33985.0,22,28.014,0.0000,0.0000,2.12,
113,M3,D6,heavy,205,Australia/Lord_Howe,2026-11-16,false,0.95,0.961,false,180,20,0,0,0,0,0,0,0,0,0,0,0,0.0,0.9716,165.0,150.0,0.8947,0.0513,0.7436,0.2051,4,45640.0,32,34.628,0.0136,0.0000,0.87,
114,M0,D1,light,30,Australia/Perth,2027-02-08,false,1.1,1.098,false,120,17,0,0,0,0,0,0,0,0,0,0,0,0.0,0.9872,30.0,30.0,0.9091,1.0000,0.0000,0.0000,0,0.0,0,0.000,0.0890,0.0000,0.58,
114,M1,D1,light,30,Australia/Perth,2027-02-08,false,1.1,1.098,false,120,17,0,0,0,0,0,0,0,0,0,0,0,0.0,0.9872,30.0,30.0,0.9091,1.0000,0.0000,0.0000,0,0.0,0,0.000,0.0890,0.0000,1.47,
114,M2,D1,light,30,Australia/Perth,2027-02-08,false,1.1,1.098,false,120,17,0,0,0,0,0,0,0,0,0,0,0,0.0,1.0000,0.0,0.0,1.0000,0.8254,0.1746,0.0000,2,5670.0,3,3.866,0.0890,0.0000,1.83,
114,M3,D1,light,30,Australia/Perth,2027-02-08,false,1.1,1.098,false,120,17,0,0,0,0,0,0,0,0,0,0,0,0.0,1.0000,0.0,0.0,1.0000,0.0635,0.7778,0.1587,6,73820.0,24,23.792,0.0378,0.0000,0.84,
115,M0,D2,light,0,Australia/Melbourne,2027-05-10,false,0.5,0.504,false,150,6,0,0,0,0,0,0,0,0,0,0,0,0.0,1.0000,0.0,0.0,1.0000,1.0000,0.0000,0.0000,0,0.0,0,0.000,0.0137,0.0000,0.88,
115,M1,D2,light,0,Australia/Melbourne,2027-05-10,false,0.5,0.504,false,150,6,0,0,0,0,0,0,0,0,0,0,0,0.0,1.0000,0.0,0.0,1.0000,1.0000,0.0000,0.0000,0,0.0,0,0.000,0.0137,0.0000,1.76,
115,M2,D2,light,0,Australia/Melbourne,2027-05-10,false,0.5,0.504,false,150,6,0,0,0,0,0,0,0,0,0,0,0,0.0,1.0000,0.0,0.0,1.0000,1.0000,0.0000,0.0000,0,0.0,0,0.000,0.0137,0.0000,2.68,
115,M3,D2,light,0,Australia/Melbourne,2027-05-10,false,0.5,0.504,false,150,6,0,0,0,0,0,0,0,0,0,0,0,0.0,1.0000,0.0,0.0,1.0000,0.0000,0.8000,0.2000,0,311930.0,21,11.974,0.0795,0.0000,1.04,
116,M0,D3,heavy,210,America/Los_Angeles,2026-11-02,false,0.7,0.702,false,210,17,0,0,0,0,0,0,0,0,0,0,0,0.0,0.9194,330.0,210.0,0.8824,0.9259,0.0000,0.0741,0,0.0,0,11.692,0.0304,0.0000,0.63,
116,M1,D3,heavy,210,America/Los_Angeles,2026-11-02,false,0.7,0.702,false,210,17,0,0,0,0,0,0,0,0,0,0,0,0.0,0.9194,330.0,210.0,0.8824,0.9259,0.0000,0.0741,0,0.0,0,11.692,0.0304,0.0000,1.75,
116,M2,D3,heavy,210,America/Los_Angeles,2026-11-02,false,0.7,0.702,false,210,17,0,4,4,0,0,0,0,0,0,0,0,210.0,1.0000,0.0,0.0,1.0000,1.0000,0.0000,0.0000,0,0.0,0,0.000,0.0304,0.0000,2.21,2026-11-03 t10: 45 min over Time off
116,M3,D3,heavy,210,America/Los_Angeles,2026-11-02,false,0.7,0.702,false,210,17,0,0,0,0,0,0,0,0,0,0,0,0.0,1.0000,0.0,0.0,1.0000,0.0185,0.7778,0.2037,8,99000.0,36,31.071,0.0089,0.0000,0.93,
117,M0,D4,light,0,Australia/Melbourne,2027-05-10,false,0.85,0.857,false,90,10,0,0,0,0,0,0,0,0,0,0,0,0.0,0.9264,170.0,85.0,0.8889,1.0000,0.0000,0.0000,0,0.0,0,0.000,0.0000,0.0000,0.70,
117,M1,D4,light,0,Australia/Melbourne,2027-05-10,false,0.85,0.857,false,90,10,0,0,0,0,0,0,0,0,0,0,0,0.0,0.9264,170.0,85.0,0.8889,1.0000,0.0000,0.0000,0,0.0,0,0.000,0.0000,0.0000,1.78,
117,M2,D4,light,0,Australia/Melbourne,2027-05-10,false,0.85,0.857,false,90,10,0,0,0,0,0,0,0,0,0,0,0,0.0,0.9437,130.0,65.0,0.8889,0.6410,0.3333,0.0256,3,2800.0,1,1.985,0.0000,0.0000,2.05,
117,M3,D4,light,0,Australia/Melbourne,2027-05-10,false,0.85,0.857,false,90,10,0,0,0,0,0,0,0,0,0,0,0,0.0,0.9827,40.0,20.0,0.8889,0.0256,0.5641,0.4103,5,30760.0,14,18.131,0.0350,0.0000,0.99,
118,M0,D5,medium,60,Australia/Sydney,2026-10-12,false,0.95,0.946,true,90,13,0,0,0,0,0,0,0,0,0,0,0,0.0,0.9472,145.0,85.0,0.8462,1.0000,0.0000,0.0000,0,0.0,0,0.000,0.0079,0.0000,0.63,
118,M1,D5,medium,60,Australia/Sydney,2026-10-12,false,0.95,0.946,true,90,13,0,0,0,0,0,0,0,0,0,0,0,0.0,0.9472,145.0,85.0,0.8462,1.0000,0.0000,0.0000,0,0.0,0,0.000,0.0079,0.0000,1.58,
118,M2,D5,medium,60,Australia/Sydney,2026-10-12,false,0.95,0.946,true,90,13,0,0,0,0,0,0,0,0,0,0,0,0.0,0.9763,65.0,65.0,0.9231,0.4773,0.4545,0.0682,4,20040.0,11,13.218,0.0000,0.0000,1.80,
118,M3,D5,medium,60,Australia/Sydney,2026-10-12,false,0.95,0.946,true,90,13,0,0,0,0,0,0,0,0,0,0,0,0.0,1.0000,0.0,0.0,1.0000,0.0455,0.6364,0.3182,6,28555.0,17,17.404,0.0079,0.0000,0.90,
119,M0,D6,medium,125,Pacific/Auckland,2026-11-02,false,1.1,1.095,false,90,9,0,0,0,0,0,0,0,0,0,0,0,0.0,0.8853,215.0,125.0,0.6667,0.9545,0.0000,0.0455,0,0.0,0,3.626,0.1745,0.0000,0.66,
119,M1,D6,medium,125,Pacific/Auckland,2026-11-02,false,1.1,1.095,false,90,9,0,0,0,0,0,0,0,0,0,0,0,0.0,1.0000,0.0,0.0,1.0000,0.9545,0.0455,0.0000,1,14300.0,1,2.808,0.1507,0.0000,1.59,
119,M2,D6,medium,125,Pacific/Auckland,2026-11-02,false,1.1,1.095,false,90,9,0,0,0,0,0,0,0,0,0,0,0,0.0,1.0000,0.0,0.0,1.0000,0.6591,0.3182,0.0227,3,10430.0,5,9.693,0.1643,0.0000,2.02,
119,M3,D6,medium,125,Pacific/Auckland,2026-11-02,false,1.1,1.095,false,90,9,0,0,0,0,0,0,0,0,0,0,0,0.0,1.0000,0.0,0.0,1.0000,0.0227,0.8409,0.1364,7,91855.0,21,18.006,0.0052,0.0000,0.92,
120,M0,D1,light,30,America/Los_Angeles,2027-03-15,false,0.5,0.625,false,120,6,0,0,0,0,0,0,0,0,0,0,0,0.0,0.8889,30.0,30.0,0.8333,1.0000,0.0000,0.0000,0,0.0,0,0.000,0.0591,0.0000,0.56,
120,M1,D1,light,30,America/Los_Angeles,2027-03-15,false,0.5,0.625,false,120,6,0,0,0,0,0,0,0,0,0,0,0,0.0,1.0000,0.0,0.0,1.0000,1.0000,0.0000,0.0000,1,0.0,0,0.980,0.0505,0.0000,1.56,
120,M2,D1,light,30,America/Los_Angeles,2027-03-15,false,0.5,0.625,false,120,6,0,1,0,0,0,1,0,0,0,0,0,0.0,1.0000,0.0,0.0,1.0000,1.0000,0.0000,0.0000,1,0.0,0,0.990,0.0505,0.0000,1.50,"2027-03-16: 0 min break, needs 15"
120,M3,D1,light,30,America/Los_Angeles,2027-03-15,false,0.5,0.625,false,120,6,0,0,0,0,0,0,0,0,0,0,0,0.0,1.0000,0.0,0.0,1.0000,0.0000,1.0000,0.0000,17,256575.0,25,15.448,0.0356,0.0000,0.87,
121,M0,D2,medium,155,Australia/Sydney,2027-02-08,false,0.7,0.701,false,240,19,0,0,0,0,0,0,0,0,0,0,0,0.0,0.8906,435.0,155.0,0.7692,0.9333,0.0000,0.0667,0,0.0,0,5.027,0.0353,0.0000,0.56,
121,M1,D2,medium,155,Australia/Sydney,2027-02-08,false,0.7,0.701,false,240,19,0,0,0,0,0,0,0,0,0,0,0,0.0,1.0000,0.0,0.0,1.0000,0.9333,0.0667,0.0000,0,1200.0,0,2.514,0.0353,0.0000,1.58,
121,M2,D2,medium,155,Australia/Sydney,2027-02-08,false,0.7,0.701,false,240,19,0,0,0,0,0,0,0,0,0,0,0,0.0,1.0000,0.0,0.0,1.0000,0.5500,0.3833,0.0667,2,4540.0,2,14.089,0.0353,0.0000,2.02,
121,M3,D2,medium,155,Australia/Sydney,2027-02-08,false,0.7,0.701,false,240,19,0,0,0,0,0,0,0,0,0,0,0,0.0,1.0000,0.0,0.0,1.0000,0.0500,0.7500,0.2000,8,182745.0,21,26.705,0.0071,0.0000,0.86,
122,M0,D3,medium,90,Australia/Darwin,2027-02-08,false,0.85,0.851,true,90,8,0,0,0,0,0,0,0,0,0,0,0,0.0,0.8496,255.0,90.0,0.6250,0.9231,0.0000,0.0769,0,0.0,0,8.819,0.0425,0.0000,0.68,
122,M1,D3,medium,90,Australia/Darwin,2027-02-08,false,0.85,0.851,true,90,8,0,0,0,0,0,0,0,0,0,0,0,0.0,0.9381,105.0,35.0,0.8750,0.9231,0.0513,0.0256,1,27525.0,2,7.466,0.0425,0.0000,1.67,
122,M2,D3,medium,90,Australia/Darwin,2027-02-08,false,0.85,0.851,true,90,8,0,0,0,0,0,0,0,0,0,0,0,0.0,1.0000,0.0,0.0,1.0000,0.3846,0.5897,0.0256,0,32855.0,23,18.125,0.0425,0.0000,2.11,
122,M3,D3,medium,90,Australia/Darwin,2027-02-08,false,0.85,0.851,true,90,8,0,0,0,0,0,0,0,0,0,0,0,0.0,1.0000,0.0,0.0,1.0000,0.0000,0.7179,0.2821,5,65155.0,26,21.038,0.0225,0.0000,0.99,
123,M0,D4,light,0,Pacific/Auckland,2027-03-15,true,0.95,0.964,false,90,10,0,0,0,0,0,0,0,0,0,0,0,0.0,1.0000,0.0,0.0,1.0000,1.0000,0.0000,0.0000,0,0.0,0,0.000,0.0844,0.0000,0.63,
123,M1,D4,light,0,Pacific/Auckland,2027-03-15,true,0.95,0.964,false,90,10,0,0,0,0,0,0,0,0,0,0,0,0.0,1.0000,0.0,0.0,1.0000,1.0000,0.0000,0.0000,0,0.0,0,0.000,0.0844,0.0000,1.83,
123,M2,D4,light,0,Pacific/Auckland,2027-03-15,true,0.95,0.964,false,90,10,0,0,0,0,0,0,0,0,0,0,0,0.0,1.0000,0.0,0.0,1.0000,0.9400,0.0600,0.0000,0,10.0,0,0.091,0.0844,0.0000,2.20,
123,M3,D4,light,0,Pacific/Auckland,2027-03-15,true,0.95,0.964,false,90,10,0,0,0,0,0,0,0,0,0,0,0,0.0,1.0000,0.0,0.0,1.0000,0.0000,0.8200,0.1800,7,94890.0,19,19.289,0.0196,0.0000,1.00,
124,M0,D5,medium,90,Australia/Lord_Howe,2027-03-15,true,1.1,1.085,false,240,21,0,0,0,0,0,0,0,0,0,0,0,0.0,0.9697,270.0,90.0,0.9474,1.0000,0.0000,0.0000,0,0.0,0,0.000,0.0000,0.0000,0.65,
124,M1,D5,medium,90,Australia/Lord_Howe,2027-03-15,true,1.1,1.085,false,240,21,0,0,0,0,0,0,0,0,0,0,0,0.0,0.9697,270.0,90.0,0.9474,1.0000,0.0000,0.0000,0,0.0,0,0.000,0.0000,0.0000,1.57,
124,M2,D5,medium,90,Australia/Lord_Howe,2027-03-15,true,1.1,1.085,false,240,21,0,0,0,0,0,0,0,0,0,0,0,0.0,1.0000,0.0,0.0,1.0000,0.2747,0.6044,0.1209,6,61365.0,29,21.856,0.0000,0.0000,2.49,
124,M3,D5,medium,90,Australia/Lord_Howe,2027-03-15,true,1.1,1.085,false,240,21,0,0,0,0,0,0,0,0,0,0,0,0.0,1.0000,0.0,0.0,1.0000,0.0330,0.8022,0.1648,10,45955.0,31,28.449,0.0000,0.0000,0.94,
125,M0,D6,medium,180,Pacific/Auckland,2026-11-16,false,0.5,0.504,true,150,7,0,0,0,0,0,0,0,0,0,0,0,0.0,0.6436,540.0,180.0,0.8333,1.0000,0.0000,0.0000,0,0.0,0,0.000,0.0000,0.0000,0.71,
125,M1,D6,medium,180,Pacific/Auckland,2026-11-16,false,0.5,0.504,true,150,7,0,0,0,0,0,0,0,0,0,0,0,0.0,1.0000,0.0,0.0,1.0000,1.0000,0.0000,0.0000,5,0.0,0,1.855,0.0000,0.0000,1.71,
125,M2,D6,medium,180,Pacific/Auckland,2026-11-16,false,0.5,0.504,true,150,7,0,0,0,0,0,0,0,0,0,0,0,0.0,1.0000,0.0,0.0,1.0000,0.7917,0.1250,0.0833,4,4380.0,2,7.544,0.0000,0.0000,2.10,
125,M3,D6,medium,180,Pacific/Auckland,2026-11-16,false,0.5,0.504,true,150,7,0,0,0,0,0,0,0,0,0,0,0,0.0,1.0000,0.0,0.0,1.0000,0.0000,0.7917,0.2083,4,135630.0,15,12.094,0.0294,0.0000,1.00,
126,M0,D1,light,15,Australia/Adelaide,2026-11-02,false,0.7,0.701,false,120,10,0,0,0,0,0,0,0,0,0,0,0,0.0,0.9895,15.0,15.0,0.8889,1.0000,0.0000,0.0000,0,0.0,0,0.000,0.0262,0.0000,0.64,
126,M1,D1,light,15,Australia/Adelaide,2026-11-02,false,0.7,0.701,false,120,10,0,0,0,0,0,0,0,0,0,0,0,0.0,1.0000,0.0,0.0,1.0000,1.0000,0.0000,0.0000,1,0.0,0,1.000,0.0262,0.0000,1.59,
126,M2,D1,light,15,Australia/Adelaide,2026-11-02,false,0.7,0.701,false,120,10,0,0,0,0,0,0,0,0,0,0,0,0.0,1.0000,0.0,0.0,1.0000,0.7000,0.3000,0.0000,3,3230.0,2,4.367,0.0000,0.0000,2.09,
126,M3,D1,light,15,Australia/Adelaide,2026-11-02,false,0.7,0.701,false,120,10,0,0,0,0,0,0,0,0,0,0,0,0.0,1.0000,0.0,0.0,1.0000,0.0250,0.7500,0.2250,3,129310.0,14,15.170,0.0888,0.0000,0.97,
127,M0,D2,light,0,Australia/Melbourne,2027-05-10,false,0.85,0.847,true,210,20,0,0,0,0,0,0,0,0,0,0,0,0.0,1.0000,0.0,0.0,1.0000,1.0000,0.0000,0.0000,0,0.0,0,0.000,0.1121,0.0000,0.65,
127,M1,D2,light,0,Australia/Melbourne,2027-05-10,false,0.85,0.847,true,210,20,0,0,0,0,0,0,0,0,0,0,0,0.0,1.0000,0.0,0.0,1.0000,1.0000,0.0000,0.0000,0,0.0,0,0.000,0.1121,0.0000,1.65,
127,M2,D2,light,0,Australia/Melbourne,2027-05-10,false,0.85,0.847,true,210,20,0,0,0,0,0,0,0,0,0,0,0,0.0,0.9836,90.0,45.0,0.9474,0.8491,0.1321,0.0189,0,25.0,0,4.171,0.1390,0.0000,2.23,
127,M3,D2,light,0,Australia/Melbourne,2027-05-10,false,0.85,0.847,true,210,20,0,0,0,0,0,0,0,0,0,0,0,0.0,1.0000,0.0,0.0,1.0000,0.0189,0.8302,0.1509,18,99090.0,19,22.290,0.0073,0.0000,0.94,
128,M0,D3,heavy,205,Australia/Perth,2026-10-19,false,0.95,0.946,false,210,20,0,0,0,0,0,0,0,0,0,0,0,0.0,0.9259,570.0,205.0,0.8500,0.9500,0.0000,0.0500,0,0.0,0,17.128,0.0217,0.0000,0.57,
128,M1,D3,heavy,205,Australia/Perth,2026-10-19,false,0.95,0.946,false,210,20,0,0,0,0,0,0,0,0,0,0,0,0.0,0.9259,570.0,205.0,0.8500,0.9500,0.0000,0.0500,0,0.0,0,17.128,0.0217,0.0000,1.42,
128,M2,D3,heavy,205,Australia/Perth,2026-10-19,false,0.95,0.946,false,210,20,0,0,0,0,0,0,0,0,0,0,0,0.0,1.0000,0.0,0.0,1.0000,0.1800,0.8000,0.0200,0,121115.0,79,50.606,0.0217,0.0000,2.33,
128,M3,D3,heavy,205,Australia/Perth,2026-10-19,false,0.95,0.946,false,210,20,0,0,0,0,0,0,0,0,0,0,0,0.0,1.0000,0.0,0.0,1.0000,0.0500,0.7800,0.1700,5,133270.0,65,48.354,0.0039,0.0000,0.85,
129,M0,D4,medium,90,Australia/Melbourne,2027-03-15,true,1.1,1.095,false,90,7,1,0,0,0,0,0,0,0,0,0,0,0.0,1.0000,0.0,0.0,1.0000,0.8947,0.0000,0.1053,0,0.0,0,1.737,0.0601,0.0000,0.66,
129,M1,D4,medium,90,Australia/Melbourne,2027-03-15,true,1.1,1.095,false,90,7,1,0,0,0,0,0,0,0,0,0,0,0.0,1.0000,0.0,0.0,1.0000,0.8947,0.0000,0.1053,0,0.0,0,1.737,0.0601,0.0000,1.62,
129,M2,D4,medium,90,Australia/Melbourne,2027-03-15,true,1.1,1.095,false,90,7,1,1,1,0,0,0,0,0,0,0,0,30.0,1.0000,0.0,0.0,1.0000,0.9211,0.0789,0.0000,0,510.0,0,0.727,0.0000,0.0000,1.86,2027-04-04 Visual Arts: 30 min over Training
129,M3,D4,medium,90,Australia/Melbourne,2027-03-15,true,1.1,1.095,false,90,7,1,0,0,0,0,0,0,0,0,0,0,0.0,1.0000,0.0,0.0,1.0000,0.0000,0.8947,0.1053,12,127465.0,25,17.867,0.0367,0.0000,0.92,
130,M0,D5,medium,180,Australia/Melbourne,2027-02-08,false,0.5,0.500,false,180,7,0,0,0,0,0,0,0,0,0,0,0,0.0,0.7551,360.0,180.0,0.8333,1.0000,0.0000,0.0000,0,0.0,0,0.000,0.0103,0.0000,0.67,
130,M1,D5,medium,180,Australia/Melbourne,2027-02-08,false,0.5,0.500,false,180,7,0,0,0,0,0,0,0,0,0,0,0,0.0,1.0000,0.0,0.0,1.0000,1.0000,0.0000,0.0000,4,0.0,0,3.772,0.0082,0.0000,1.98,
130,M2,D5,medium,180,Australia/Melbourne,2027-02-08,false,0.5,0.500,false,180,7,0,0,0,0,0,0,0,0,0,0,0,0.0,1.0000,0.0,0.0,1.0000,0.8667,0.0667,0.0667,4,2730.0,2,6.137,0.0082,0.0000,1.91,
130,M3,D5,medium,180,Australia/Melbourne,2027-02-08,false,0.5,0.500,false,180,7,0,0,0,0,0,0,0,0,0,0,0,0.0,1.0000,0.0,0.0,1.0000,0.0000,0.8333,0.1667,5,239000.0,19,13.984,0.0360,0.0000,0.98,
131,M0,D6,medium,85,Australia/Melbourne,2026-10-12,false,0.7,0.700,false,150,11,0,0,0,0,0,0,0,0,0,0,0,0.0,0.9287,200.0,85.0,0.7778,0.9706,0.0000,0.0294,0,0.0,0,1.745,0.0138,0.0000,0.75,
131,M1,D6,medium,85,Australia/Melbourne,2026-10-12,false,0.7,0.700,false,150,11,0,0,0,0,0,0,0,0,0,0,0,0.0,1.0000,0.0,0.0,1.0000,0.9706,0.0294,0.0000,2,690.0,1,2.429,0.0138,0.0000,1.85,
131,M2,D6,medium,85,Australia/Melbourne,2026-10-12,false,0.7,0.700,false,150,11,0,0,0,0,0,0,0,0,0,0,0,0.0,1.0000,0.0,0.0,1.0000,0.8529,0.0882,0.0588,0,2105.0,1,4.137,0.0138,0.0000,2.31,
131,M3,D6,medium,85,Australia/Melbourne,2026-10-12,false,0.7,0.700,false,150,11,0,0,0,0,0,0,0,0,0,0,0,0.0,1.0000,0.0,0.0,1.0000,0.0000,0.6176,0.3824,2,113160.0,12,17.528,0.0939,0.0000,1.05,
132,M0,D1,light,30,Australia/Brisbane,2027-02-08,false,0.85,0.857,false,180,20,0,0,0,0,0,0,0,0,0,0,0,0.0,0.9897,60.0,30.0,0.9500,1.0000,0.0000,0.0000,0,0.0,0,0.000,0.0000,0.0000,0.77,
132,M1,D1,light,30,Australia/Brisbane,2027-02-08,false,0.85,0.857,false,180,20,0,0,0,0,0,0,0,0,0,0,0,0.0,0.9897,60.0,30.0,0.9500,1.0000,0.0000,0.0000,0,0.0,0,0.000,0.0000,0.0000,1.79,
132,M2,D1,light,30,Australia/Brisbane,2027-02-08,false,0.85,0.857,false,180,20,0,0,0,0,0,0,0,0,0,0,0,0.0,1.0000,0.0,0.0,1.0000,0.4107,0.5804,0.0089,2,24995.0,14,12.645,0.0000,0.0000,2.84,
132,M3,D1,light,30,Australia/Brisbane,2027-02-08,false,0.85,0.857,false,180,20,0,0,0,0,0,0,0,0,0,0,0,0.0,1.0000,0.0,0.0,1.0000,0.0446,0.7500,0.2054,7,95750.0,42,41.778,0.0123,0.0000,1.08,
133,M0,D2,light,0,Australia/Hobart,2027-02-08,false,0.95,0.946,true,90,12,0,0,0,0,0,0,0,0,0,0,0,0.0,1.0000,0.0,0.0,1.0000,1.0000,0.0000,0.0000,0,0.0,0,0.000,0.0261,0.0000,0.77,
133,M1,D2,light,0,Australia/Hobart,2027-02-08,false,0.95,0.946,true,90,12,0,0,0,0,0,0,0,0,0,0,0,0.0,1.0000,0.0,0.0,1.0000,1.0000,0.0000,0.0000,0,0.0,0,0.000,0.0261,0.0000,1.77,
133,M2,D2,light,0,Australia/Hobart,2027-02-08,false,0.95,0.946,true,90,12,0,0,0,0,0,0,0,0,0,0,0,0.0,1.0000,0.0,0.0,1.0000,1.0000,0.0000,0.0000,0,0.0,0,0.000,0.0261,0.0000,2.62,
133,M3,D2,light,0,Australia/Hobart,2027-02-08,false,0.95,0.946,true,90,12,0,0,0,0,0,0,0,0,0,0,0,0.0,1.0000,0.0,0.0,1.0000,0.0000,0.7714,0.2286,4,42950.0,11,15.656,0.0129,0.0000,1.06,
134,M0,D3,medium,130,Australia/Hobart,2027-02-08,false,1.1,1.087,false,240,20,3,0,0,0,0,0,0,0,0,0,0,0.0,0.9593,280.0,180.0,0.8000,0.9681,0.0000,0.0319,0,0.0,0,11.115,0.0000,0.0000,0.67,
134,M1,D3,medium,130,Australia/Hobart,2027-02-08,false,1.1,1.087,false,240,20,3,0,0,0,0,0,0,0,0,0,0,0.0,0.9593,280.0,180.0,0.8000,0.9681,0.0000,0.0319,0,0.0,0,11.115,0.0000,0.0000,1.69,
134,M2,D3,medium,130,Australia/Hobart,2027-02-08,false,1.1,1.087,false,240,20,3,1,0,0,0,0,0,1,0,0,0,30.0,0.9630,255.0,155.0,0.8667,0.4149,0.5426,0.0426,1,42325.0,22,22.706,0.0164,0.0000,3.04,2027-02-15 t2: ends after due
134,M3,D3,medium,130,Australia/Hobart,2027-02-08,false,1.1,1.087,false,240,20,3,0,0,0,0,0,0,0,0,0,0,0.0,0.9935,45.0,45.0,0.9333,0.0638,0.7979,0.1383,13,87535.0,47,38.687,0.0204,0.0000,0.98,
135,M0,D4,light,0,Australia/Sydney,2027-05-10,false,0.5,0.497,false,180,7,0,0,0,0,0,0,0,0,0,0,0,0.0,1.0000,0.0,0.0,1.0000,1.0000,0.0000,0.0000,0,0.0,0,0.000,0.0684,0.0000,0.69,
135,M1,D4,light,0,Australia/Sydney,2027-05-10,false,0.5,0.497,false,180,7,0,0,0,0,0,0,0,0,0,0,0,0.0,1.0000,0.0,0.0,1.0000,1.0000,0.0000,0.0000,0,0.0,0,0.000,0.0684,0.0000,1.72,
135,M2,D4,light,0,Australia/Sydney,2027-05-10,false,0.5,0.497,false,180,7,0,0,0,0,0,0,0,0,0,0,0,0.0,1.0000,0.0,0.0,1.0000,0.7500,0.2500,0.0000,0,3750.0,0,2.096,0.0684,0.0000,2.01,
135,M3,D4,light,0,Australia/Sydney,2027-05-10,false,0.5,0.497,false,180,7,0,0,0,0,0,0,0,0,0,0,0,0.0,1.0000,0.0,0.0,1.0000,0.0000,0.9167,0.0833,3,228965.0,16,9.050,0.0684,0.0000,1.03,
136,M0,D5,medium,120,Australia/Brisbane,2026-11-16,false,0.7,0.704,true,150,14,0,0,0,0,0,0,0,0,0,0,0,0.0,0.9600,120.0,120.0,0.9286,1.0000,0.0000,0.0000,0,0.0,0,0.000,0.0000,0.0000,0.67,
136,M1,D5,medium,120,Australia/Brisbane,2026-11-16,false,0.7,0.704,true,150,14,0,0,0,0,0,0,0,0,0,0,0,0.0,0.9800,60.0,60.0,0.9286,1.0000,0.0000,0.0000,1,0.0,0,0.135,0.0000,0.0000,1.66,
136,M2,D5,medium,120,Australia/Brisbane,2026-11-16,false,0.7,0.704,true,150,14,0,0,0,0,0,0,0,0,0,0,0,0.0,1.0000,0.0,0.0,1.0000,0.4474,0.5000,0.0526,4,21820.0,15,17.408,0.0000,0.0000,2.12,
136,M3,D5,medium,120,Australia/Brisbane,2026-11-16,false,0.7,0.704,true,150,14,0,0,0,0,0,0,0,0,0,0,0,0.0,1.0000,0.0,0.0,1.0000,0.0000,0.6579,0.3421,6,81800.0,19,21.291,0.0004,0.0000,0.97,
137,M0,D6,heavy,390,Australia/Lord_Howe,2026-10-12,false,0.85,0.857,false,150,18,0,0,0,0,0,0,0,0,0,0,0,0.0,0.8027,790.0,390.0,0.8125,0.9200,0.0000,0.0800,0,0.0,0,12.548,0.0323,0.0000,0.61,
137,M1,D6,heavy,390,Australia/Lord_Howe,2026-10-12,false,0.85,0.857,false,150,18,0,0,0,0,0,0,0,0,0,0,0,0.0,0.8801,480.0,240.0,0.9375,0.9200,0.0800,0.0000,2,41585.0,4,9.633,0.0323,0.0000,1.55,
137,M2,D6,heavy,390,Australia/Lord_Howe,2026-10-12,false,0.85,0.857,false,150,18,0,0,0,0,0,0,0,0,0,0,0,0.0,1.0000,0.0,0.0,1.0000,0.2000,0.6800,0.1200,8,120895.0,33,34.324,0.0640,0.0000,2.03,
137,M3,D6,heavy,390,Australia/Lord_Howe,2026-10-12,false,0.85,0.857,false,150,18,0,0,0,0,0,0,0,0,0,0,0,0.0,1.0000,0.0,0.0,1.0000,0.0000,0.7000,0.3000,13,130860.0,35,38.420,0.0051,0.0000,0.89,
138,M0,D1,light,50,Australia/Sydney,2027-05-10,false,0.95,0.949,false,240,20,0,0,0,0,0,0,0,0,0,0,0,0.0,0.9936,50.0,50.0,0.9474,1.0000,0.0000,0.0000,0,0.0,0,0.000,0.0280,0.0000,0.67,
138,M1,D1,light,50,Australia/Sydney,2027-05-10,false,0.95,0.949,false,240,20,0,0,0,0,0,0,0,0,0,0,0,0.0,0.9936,50.0,50.0,0.9474,1.0000,0.0000,0.0000,0,0.0,0,0.000,0.0280,0.0000,1.68,
138,M2,D1,light,50,Australia/Sydney,2027-05-10,false,0.95,0.949,false,240,20,0,0,0,0,0,0,0,0,0,0,0,0.0,0.9942,45.0,45.0,0.9474,0.5347,0.4356,0.0297,1,21265.0,10,14.413,0.0280,0.0000,2.67,
138,M3,D1,light,50,Australia/Sydney,2027-05-10,false,0.95,0.949,false,240,20,0,0,0,0,0,0,0,0,0,0,0,0.0,1.0000,0.0,0.0,1.0000,0.0297,0.7723,0.1980,9,98560.0,38,37.176,0.0131,0.0000,0.97,
139,M0,D2,medium,115,Australia/Perth,2026-10-19,false,1.1,1.099,false,210,20,0,0,0,0,0,0,0,0,0,0,0,0.0,0.9618,275.0,115.0,0.8889,0.9720,0.0000,0.0280,0,0.0,0,4.405,0.0000,0.0000,0.83,
139,M1,D2,medium,115,Australia/Perth,2026-10-19,false,1.1,1.099,false,210,20,0,0,0,0,0,0,0,0,0,0,0,0.0,1.0000,0.0,0.0,1.0000,0.9720,0.0280,0.0000,0,985.0,0,2.202,0.0000,0.0000,2.02,
139,M2,D2,medium,115,Australia/Perth,2026-10-19,false,1.1,1.099,false,210,20,0,1,0,0,0,1,0,0,0,0,0,0.0,1.0000,0.0,0.0,1.0000,0.4860,0.4860,0.0280,2,15160.0,6,12.367,0.0000,0.0000,3.50,"2026-10-23: 0 min break, needs 15"
139,M3,D2,medium,115,Australia/Perth,2026-10-19,false,1.1,1.099,false,210,20,0,0,0,0,0,0,0,0,0,0,0,0.0,1.0000,0.0,0.0,1.0000,0.0654,0.7477,0.1869,3,93345.0,46,39.748,0.0016,0.0000,1.11,
140,M0,D3,light,0,Australia/Melbourne,2026-09-21,true,0.5,0.503,false,180,6,0,0,0,0,0,0,0,0,0,0,0,0.0,1.0000,0.0,0.0,1.0000,1.0000,0.0000,0.0000,0,0.0,0,0.000,0.0000,0.0000,0.77,
140,M1,D3,light,0,Australia/Melbourne,2026-09-21,true,0.5,0.503,false,180,6,0,0,0,0,0,0,0,0,0,0,0,0.0,1.0000,0.0,0.0,1.0000,1.0000,0.0000,0.0000,0,0.0,0,0.000,0.0000,0.0000,2.03,
140,M2,D3,light,0,Australia/Melbourne,2026-09-21,true,0.5,0.503,false,180,6,0,0,0,0,0,0,0,0,0,0,0,0.0,1.0000,0.0,0.0,1.0000,1.0000,0.0000,0.0000,0,0.0,0,0.000,0.0000,0.0000,2.37,
140,M3,D3,light,0,Australia/Melbourne,2026-09-21,true,0.5,0.503,false,180,6,0,0,0,0,0,0,0,0,0,0,0,0.0,1.0000,0.0,0.0,1.0000,0.0000,1.0000,0.0000,6,263580.0,19,12.173,0.0519,0.0000,1.09,
141,M0,D4,light,0,Pacific/Auckland,2026-09-21,true,0.7,0.702,false,180,13,0,0,0,0,0,0,0,0,0,0,0,0.0,1.0000,0.0,0.0,1.0000,1.0000,0.0000,0.0000,0,0.0,0,0.000,0.0617,0.0000,0.66,
141,M1,D4,light,0,Pacific/Auckland,2026-09-21,true,0.7,0.702,false,180,13,0,0,0,0,0,0,0,0,0,0,0,0.0,1.0000,0.0,0.0,1.0000,1.0000,0.0000,0.0000,0,0.0,0,0.000,0.0617,0.0000,1.73,
141,M2,D4,light,0,Pacific/Auckland,2026-09-21,true,0.7,0.702,false,180,13,0,0,0,0,0,0,0,0,0,0,0,0.0,1.0000,0.0,0.0,1.0000,0.9434,0.0566,0.0000,0,180.0,0,0.490,0.0617,0.0000,2.17,
141,M3,D4,light,0,Pacific/Auckland,2026-09-21,true,0.7,0.702,false,180,13,0,0,0,0,0,0,0,0,0,0,0,0.0,1.0000,0.0,0.0,1.0000,0.0377,0.8113,0.1509,12,137580.0,16,17.619,0.0149,0.0000,0.95,
142,M0,D5,medium,180,Australia/Darwin,2026-11-16,false,0.85,0.857,false,180,21,0,0,0,0,0,0,0,0,0,0,0,0.0,0.9592,180.0,180.0,0.9375,1.0000,0.0000,0.0000,0,0.0,0,0.000,0.0000,0.0000,0.59,
142,M1,D5,medium,180,Australia/Darwin,2026-11-16,false,0.85,0.857,false,180,21,0,0,0,0,0,0,0,0,0,0,0,0.0,0.9592,180.0,180.0,0.9375,1.0000,0.0000,0.0000,0,0.0,0,0.000,0.0000,0.0000,1.53,
142,M2,D5,medium,180,Australia/Darwin,2026-11-16,false,0.85,0.857,false,180,21,0,0,0,0,0,0,0,0,0,0,0,0.0,1.0000,0.0,0.0,1.0000,0.3176,0.6235,0.0588,6,47950.0,31,20.344,0.0000,0.0000,2.43,
142,M3,D5,medium,180,Australia/Darwin,2026-11-16,false,0.85,0.857,false,180,21,0,0,0,0,0,0,0,0,0,0,0,0.0,1.0000,0.0,0.0,1.0000,0.0118,0.6235,0.3647,12,53315.0,31,47.119,0.0101,0.0000,0.93,
143,M0,D6,light,40,Europe/London,2026-11-16,false,0.95,0.953,false,240,20,0,0,0,0,0,0,0,0,0,0,0,0.0,0.9842,120.0,40.0,0.9412,1.0000,0.0000,0.0000,0,0.0,0,0.000,0.0742,0.0000,0.57,
143,M1,D6,light,40,Europe/London,2026-11-16,false,0.95,0.953,false,240,20,0,0,0,0,0,0,0,0,0,0,0,0.0,1.0000,0.0,0.0,1.0000,1.0000,0.0000,0.0000,1,0.0,0,1.000,0.0742,0.0000,1.51,
143,M2,D6,light,40,Europe/London,2026-11-16,false,0.95,0.953,false,240,20,0,0,0,0,0,0,0,0,0,0,0,0.0,1.0000,0.0,0.0,1.0000,0.8571,0.1429,0.0000,2,4420.0,2,6.170,0.0742,0.0000,2.52,
143,M3,D6,light,40,Europe/London,2026-11-16,false,0.95,0.953,false,240,20,0,0,0,0,0,0,0,0,0,0,0,0.0,1.0000,0.0,0.0,1.0000,0.0238,0.8333,0.1429,13,95970.0,34,34.128,0.0148,0.0000,0.99,
144,M0,D1,light,45,Australia/Sydney,2026-11-16,false,1.1,1.078,false,240,20,0,0,0,0,0,0,0,0,0,0,0,0.0,0.9954,45.0,45.0,0.9500,1.0000,0.0000,0.0000,0,0.0,0,0.000,0.0031,0.0000,0.67,
144,M1,D1,light,45,Australia/Sydney,2026-11-16,false,1.1,1.078,false,240,20,0,0,0,0,0,0,0,0,0,0,0,0.0,1.0000,0.0,0.0,1.0000,1.0000,0.0000,0.0000,1,0.0,0,0.970,0.0000,0.0000,1.79,
144,M2,D1,light,45,Australia/Sydney,2026-11-16,false,1.1,1.078,false,240,20,0,1,0,0,0,1,0,0,0,0,0,0.0,1.0000,0.0,0.0,1.0000,0.4628,0.4959,0.0413,6,46855.0,14,13.480,0.0000,0.0000,2.88,"2026-11-18: 0 min break, needs 10"
144,M3,D1,light,45,Australia/Sydney,2026-11-16,false,1.1,1.078,false,240,20,0,0,0,0,0,0,0,0,0,0,0,0.0,1.0000,0.0,0.0,1.0000,0.0248,0.8430,0.1322,8,114005.0,55,41.158,0.0015,0.0000,1.16,
145,M0,D2,light,0,Australia/Hobart,2027-05-10,false,0.5,0.503,true,210,7,0,0,0,0,0,0,0,0,0,0,0,0.0,1.0000,0.0,0.0,1.0000,1.0000,0.0000,0.0000,0,0.0,0,0.000,0.1226,0.0000,0.76,
145,M1,D2,light,0,Australia/Hobart,2027-05-10,false,0.5,0.503,true,210,7,0,0,0,0,0,0,0,0,0,0,0,0.0,1.0000,0.0,0.0,1.0000,1.0000,0.0000,0.0000,0,0.0,0,0.000,0.1226,0.0000,1.84,
145,M2,D2,light,0,Australia/Hobart,2027-05-10,false,0.5,0.503,true,210,7,0,0,0,0,0,0,0,0,0,0,0,0.0,1.0000,0.0,0.0,1.0000,1.0000,0.0000,0.0000,0,0.0,0,0.000,0.1226,0.0000,2.36,
145,M3,D2,light,0,Australia/Hobart,2027-05-10,false,0.5,0.503,true,210,7,0,0,0,0,0,0,0,0,0,0,0,0.0,1.0000,0.0,0.0,1.0000,0.0000,0.9167,0.0833,0,405615.0,25,8.259,0.0335,0.0000,1.08,
146,M0,D3,heavy,235,Australia/Sydney,2026-09-21,true,0.7,0.699,true,240,19,0,0,0,0,0,0,0,0,0,0,0,0.0,0.9034,400.0,235.0,0.7895,0.8696,0.0000,0.1304,0,0.0,0,19.350,0.0348,0.0000,0.72,
146,M1,D3,heavy,235,Australia/Sydney,2026-09-21,true,0.7,0.699,true,240,19,0,0,0,0,0,0,0,0,0,0,0,0.0,1.0000,0.0,0.0,1.0000,0.8696,0.1304,0.0000,2,27810.0,6,14.909,0.0205,0.0000,1.78,
146,M2,D3,heavy,235,Australia/Sydney,2026-09-21,true,0.7,0.699,true,240,19,0,0,0,0,0,0,0,0,0,0,0,0.0,1.0000,0.0,0.0,1.0000,0.5217,0.4783,0.0000,0,30520.0,21,30.164,0.0205,0.0000,2.59,
146,M3,D3,heavy,235,Australia/Sydney,2026-09-21,true,0.7,0.699,true,240,19,0,0,0,0,0,0,0,0,0,0,0,0.0,1.0000,0.0,0.0,1.0000,0.0000,0.8913,0.1087,7,240210.0,38,35.192,0.0057,0.0000,1.06,
147,M0,D4,light,0,Australia/Brisbane,2026-09-21,false,0.85,0.844,false,210,20,0,0,0,0,0,0,0,0,0,0,0,0.0,1.0000,0.0,0.0,1.0000,1.0000,0.0000,0.0000,0,0.0,0,0.000,0.0132,0.0000,0.58,
147,M1,D4,light,0,Australia/Brisbane,2026-09-21,false,0.85,0.844,false,210,20,0,0,0,0,0,0,0,0,0,0,0,0.0,1.0000,0.0,0.0,1.0000,1.0000,0.0000,0.0000,0,0.0,0,0.000,0.0132,0.0000,1.50,
147,M2,D4,light,0,Australia/Brisbane,2026-09-21,false,0.85,0.844,false,210,20,0,0,0,0,0,0,0,0,0,0,0,0.0,1.0000,0.0,0.0,1.0000,0.6911,0.3008,0.0081,0,10990.0,3,3.180,0.0132,0.0000,2.34,
147,M3,D4,light,0,Australia/Brisbane,2026-09-21,false,0.85,0.844,false,210,20,0,0,0,0,0,0,0,0,0,0,0,0.0,1.0000,0.0,0.0,1.0000,0.0163,0.7398,0.2439,3,139790.0,46,45.278,0.0289,0.0000,0.89,
148,M0,D5,medium,120,Australia/Adelaide,2027-02-08,false,0.95,0.954,true,150,21,0,0,0,0,0,0,0,0,0,0,0,0.0,0.9781,120.0,120.0,0.9524,1.0000,0.0000,0.0000,0,0.0,0,0.000,0.0000,0.0000,0.65,
148,M1,D5,medium,120,Australia/Adelaide,2027-02-08,false,0.95,0.954,true,150,21,0,0,0,0,0,0,0,0,0,0,0,0.0,0.9781,120.0,120.0,0.9524,1.0000,0.0000,0.0000,0,0.0,0,0.000,0.0000,0.0000,1.62,
148,M2,D5,medium,120,Australia/Adelaide,2027-02-08,false,0.95,0.954,true,150,21,0,0,0,0,0,0,0,0,0,0,0,0.0,0.9753,135.0,50.0,0.9048,0.2941,0.6569,0.0490,5,80780.0,51,36.507,0.0000,0.0000,2.50,
148,M3,D5,medium,120,Australia/Adelaide,2027-02-08,false,0.95,0.954,true,150,21,0,0,0,0,0,0,0,0,0,0,0,0.0,1.0000,0.0,0.0,1.0000,0.0196,0.8039,0.1765,12,92215.0,49,46.032,0.0001,0.0000,0.97,
149,M0,D6,light,45,Australia/Perth,2027-05-10,false,1.1,1.107,true,90,7,0,0,0,0,0,0,0,0,0,0,0,0.0,0.9459,90.0,45.0,0.8571,1.0000,0.0000,0.0000,0,0.0,0,0.000,0.0563,0.0000,0.73,
149,M1,D6,light,45,Australia/Perth,2027-05-10,false,1.1,1.107,true,90,7,0,0,0,0,0,0,0,0,0,0,0,0.0,0.9820,30.0,15.0,0.8571,1.0000,0.0000,0.0000,1,0.0,0,0.168,0.0563,0.0000,1.79,
149,M2,D6,light,45,Australia/Perth,2027-05-10,false,1.1,1.107,true,90,7,0,0,0,0,0,0,0,0,0,0,0,0.0,1.0000,0.0,0.0,1.0000,0.5556,0.3778,0.0667,4,10075.0,7,6.809,0.0612,0.0000,2.43,
149,M3,D6,light,45,Australia/Perth,2027-05-10,false,1.1,1.107,true,90,7,0,0,0,0,0,0,0,0,0,0,0,0.0,1.0000,0.0,0.0,1.0000,0.0000,0.6889,0.3111,3,73065.0,22,18.068,0.0726,0.0000,1.04,
150,M0,D1,light,30,Australia/Darwin,2027-05-10,false,0.5,0.500,false,240,7,0,0,0,0,0,0,0,0,0,0,0,0.0,1.0000,0.0,0.0,1.0000,1.0000,0.0000,0.0000,0,0.0,0,0.000,0.0553,0.0000,0.63,
150,M1,D1,light,30,Australia/Darwin,2027-05-10,false,0.5,0.500,false,240,7,0,0,0,0,0,0,0,0,0,0,0,0.0,1.0000,0.0,0.0,1.0000,1.0000,0.0000,0.0000,0,0.0,0,0.000,0.0553,0.0000,1.57,
150,M2,D1,light,30,Australia/Darwin,2027-05-10,false,0.5,0.500,false,240,7,0,0,0,0,0,0,0,0,0,0,0,0.0,1.0000,0.0,0.0,1.0000,1.0000,0.0000,0.0000,1,0.0,0,1.000,0.0461,0.0000,1.89,
150,M3,D1,light,30,Australia/Darwin,2027-05-10,false,0.5,0.500,false,240,7,0,0,0,0,0,0,0,0,0,0,0,0.0,1.0000,0.0,0.0,1.0000,0.0000,0.9167,0.0833,0,706315.0,42,16.932,0.0253,0.0000,0.95,
151,M0,D2,light,0,Australia/Melbourne,2026-09-21,true,0.7,0.704,true,150,11,0,0,0,0,0,0,0,0,0,0,0,0.0,1.0000,0.0,0.0,1.0000,1.0000,0.0000,0.0000,0,0.0,0,0.000,0.0243,0.0000,0.57,
151,M1,D2,light,0,Australia/Melbourne,2026-09-21,true,0.7,0.704,true,150,11,0,0,0,0,0,0,0,0,0,0,0,0.0,1.0000,0.0,0.0,1.0000,1.0000,0.0000,0.0000,0,0.0,0,0.000,0.0243,0.0000,1.47,
151,M2,D2,light,0,Australia/Melbourne,2026-09-21,true,0.7,0.704,true,150,11,0,1,0,0,0,1,0,0,0,0,0,0.0,1.0000,0.0,0.0,1.0000,0.7209,0.2326,0.0465,1,205.0,0,5.474,0.0243,0.0000,1.90,"2026-09-23: 0 min break, needs 5"
151,M3,D2,light,0,Australia/Melbourne,2026-09-21,true,0.7,0.704,true,150,11,0,0,0,0,0,0,0,0,0,0,0,0.0,1.0000,0.0,0.0,1.0000,0.0000,0.6744,0.3256,9,125515.0,17,22.591,0.0119,0.0000,0.90,
152,M0,D3,heavy,230,Australia/Perth,2027-03-15,false,0.85,0.848,false,240,20,0,0,0,0,0,0,0,0,0,0,0,0.0,0.9078,520.0,230.0,0.8000,0.9459,0.0000,0.0541,0,0.0,0,24.598,0.0428,0.0000,0.66,
152,M1,D3,heavy,230,Australia/Perth,2027-03-15,false,0.85,0.848,false,240,20,0,0,0,0,0,0,0,0,0,0,0,0.0,0.9184,460.0,170.0,0.8500,0.9459,0.0135,0.0405,1,30205.0,2,23.216,0.0428,0.0000,1.67,
152,M2,D3,heavy,230,Australia/Perth,2027-03-15,false,0.85,0.848,false,240,20,0,0,0,0,0,0,0,0,0,0,0,0.0,1.0000,0.0,0.0,1.0000,0.2635,0.6824,0.0541,1,161070.0,90,62.556,0.0646,0.0000,3.01,
152,M3,D3,heavy,230,Australia/Perth,2027-03-15,false,0.85,0.848,false,240,20,0,0,0,0,0,0,0,0,0,0,0,0.0,1.0000,0.0,0.0,1.0000,0.0541,0.6757,0.2703,3,205780.0,81,70.961,0.0037,0.0000,0.97,
153,M0,D4,light,0,Australia/Sydney,2026-11-02,false,0.95,0.946,false,90,10,0,0,0,0,0,0,0,0,0,0,0,0.0,1.0000,0.0,0.0,1.0000,1.0000,0.0000,0.0000,0,0.0,0,0.000,0.0000,0.0000,0.75,
153,M1,D4,light,0,Australia/Sydney,2026-11-02,false,0.95,0.946,false,90,10,0,0,0,0,0,0,0,0,0,0,0,0.0,1.0000,0.0,0.0,1.0000,1.0000,0.0000,0.0000,0,0.0,0,0.000,0.0000,0.0000,1.83,
153,M2,D4,light,0,Australia/Sydney,2026-11-02,false,0.95,0.946,false,90,10,0,0,0,0,0,0,0,0,0,0,0,0.0,1.0000,0.0,0.0,1.0000,1.0000,0.0000,0.0000,0,0.0,0,0.000,0.0000,0.0000,2.56,
153,M3,D4,light,0,Australia/Sydney,2026-11-02,false,0.95,0.946,false,90,10,0,0,0,0,0,0,0,0,0,0,0,0.0,1.0000,0.0,0.0,1.0000,0.0169,0.6949,0.2881,10,41065.0,15,18.258,0.0234,0.0000,1.06,
154,M0,D5,heavy,240,Australia/Adelaide,2026-11-02,false,1.1,1.095,true,180,21,0,0,0,0,0,0,0,0,0,0,0,0.0,0.9690,240.0,240.0,0.9524,1.0000,0.0000,0.0000,0,0.0,0,0.000,0.0000,0.0000,0.58,
154,M1,D5,heavy,240,Australia/Adelaide,2026-11-02,false,1.1,1.095,true,180,21,0,0,0,0,0,0,0,0,0,0,0,0.0,0.9690,240.0,240.0,0.9524,1.0000,0.0000,0.0000,0,0.0,0,0.000,0.0000,0.0000,1.46,
154,M2,D5,heavy,240,Australia/Adelaide,2026-11-02,false,1.1,1.095,true,180,21,0,0,0,0,0,0,0,0,0,0,0,0.0,0.9884,90.0,45.0,0.9524,0.2073,0.6829,0.1098,8,116495.0,56,31.310,0.0000,0.0000,2.29,
154,M3,D5,heavy,240,Australia/Adelaide,2026-11-02,false,1.1,1.095,true,180,21,0,0,0,0,0,0,0,0,0,0,0,0.0,0.9961,30.0,15.0,0.9524,0.0366,0.7927,0.1707,12,107775.0,54,41.574,0.0150,0.0000,0.90,
155,M0,D6,heavy,675,Australia/Brisbane,2026-10-19,false,0.5,0.500,false,180,6,0,0,0,0,0,0,0,0,0,0,0,0.0,0.8286,180.0,90.0,0.8333,0.5758,0.0000,0.4242,0,0.0,0,12.018,0.4345,0.6000,0.48,
155,M1,D6,heavy,675,Australia/Brisbane,2026-10-19,false,0.5,0.500,false,180,6,0,0,0,0,0,0,0,0,0,0,0,0.0,1.0000,0.0,0.0,1.0000,0.5758,0.0606,0.3636,0,240.0,0,8.552,0.4131,0.6000,1.24,
155,M2,D6,heavy,675,Australia/Brisbane,2026-10-19,false,0.5,0.500,false,180,6,0,0,0,0,0,0,0,0,0,0,0,0.0,1.0000,0.0,0.0,1.0000,0.4545,0.5455,0.0000,1,3085.0,1,8.472,0.0643,0.0000,1.21,
155,M3,D6,heavy,675,Australia/Brisbane,2026-10-19,false,0.5,0.500,false,180,6,0,0,0,0,0,0,0,0,0,0,0,0.0,1.0000,0.0,0.0,1.0000,0.0000,0.9697,0.0303,6,356750.0,24,14.320,0.0477,0.0000,0.74,
156,M0,D1,light,15,Australia/Adelaide,2027-05-10,false,0.7,0.707,true,150,13,0,0,0,0,0,0,0,0,0,0,0,0.0,0.9886,30.0,15.0,0.9231,1.0000,0.0000,0.0000,0,0.0,0,0.000,0.0214,0.0000,0.57,
156,M1,D1,light,15,Australia/Adelaide,2027-05-10,false,0.7,0.707,true,150,13,0,0,0,0,0,0,0,0,0,0,0,0.0,1.0000,0.0,0.0,1.0000,1.0000,0.0000,0.0000,1,0.0,0,1.000,0.0214,0.0000,1.43,
156,M2,D1,light,15,Australia/Adelaide,2027-05-10,false,0.7,0.707,true,150,13,0,0,0,0,0,0,0,0,0,0,0,0.0,1.0000,0.0,0.0,1.0000,0.8710,0.1290,0.0000,1,25.0,0,1.228,0.0214,0.0000,1.72,
156,M3,D1,light,15,Australia/Adelaide,2027-05-10,false,0.7,0.707,true,150,13,0,0,0,0,0,0,0,0,0,0,0,0.0,1.0000,0.0,0.0,1.0000,0.0323,0.8710,0.0968,5,179520.0,17,13.482,0.0325,0.0000,0.88,
157,M0,D2,light,0,Australia/Melbourne,2027-02-08,false,0.85,0.848,true,240,20,0,0,0,0,0,0,0,0,0,0,0,0.0,1.0000,0.0,0.0,1.0000,1.0000,0.0000,0.0000,0,0.0,0,0.000,0.0000,0.0000,0.59,
157,M1,D2,light,0,Australia/Melbourne,2027-02-08,false,0.85,0.848,true,240,20,0,0,0,0,0,0,0,0,0,0,0,0.0,1.0000,0.0,0.0,1.0000,1.0000,0.0000,0.0000,0,0.0,0,0.000,0.0000,0.0000,1.52,
157,M2,D2,light,0,Australia/Melbourne,2027-02-08,false,0.85,0.848,true,240,20,0,0,0,0,0,0,0,0,0,0,0,0.0,1.0000,0.0,0.0,1.0000,1.0000,0.0000,0.0000,0,0.0,0,0.000,0.0000,0.0000,2.35,
157,M3,D2,light,0,Australia/Melbourne,2027-02-08,false,0.85,0.848,true,240,20,0,0,0,0,0,0,0,0,0,0,0,0.0,1.0000,0.0,0.0,1.0000,0.0000,0.7922,0.2078,2,118305.0,26,33.460,0.0023,0.0000,0.92,
158,M0,D3,heavy,230,Australia/Sydney,2026-10-19,false,0.95,0.949,false,240,20,0,0,0,0,0,0,0,0,0,0,0,0.0,0.9469,400.0,230.0,0.8000,0.9541,0.0000,0.0459,0,0.0,0,14.728,0.0452,0.0000,0.59,
158,M1,D3,heavy,230,Australia/Sydney,2026-10-19,false,0.95,0.949,false,240,20,0,0,0,0,0,0,0,0,0,0,0,0.0,0.9469,400.0,230.0,0.8000,0.9541,0.0000,0.0459,0,0.0,0,14.728,0.0452,0.0000,1.53,
158,M2,D3,heavy,230,Australia/Sydney,2026-10-19,false,0.95,0.949,false,240,20,0,0,0,0,0,0,0,0,0,0,0,0.0,1.0000,0.0,0.0,1.0000,0.2110,0.7798,0.0092,1,130555.0,81,47.767,0.0000,0.0000,2.52,
158,M3,D3,heavy,230,Australia/Sydney,2026-10-19,false,0.95,0.949,false,240,20,0,0,0,0,0,0,0,0,0,0,0,0.0,1.0000,0.0,0.0,1.0000,0.0550,0.7523,0.1927,8,123145.0,69,50.221,0.0012,0.0000,0.92,
159,M0,D4,heavy,330,Australia/Brisbane,2026-09-21,false,1.1,1.107,true,90,15,0,0,0,0,0,0,0,0,0,0,0,0.0,0.8638,480.0,230.0,0.6000,0.8182,0.0000,0.1818,0,0.0,0,3.037,0.1291,0.2500,0.69,
159,M1,D4,heavy,330,Australia/Brisbane,2026-09-21,false,1.1,1.107,true,90,15,0,0,0,0,0,0,0,0,0,0,0,0.0,0.9957,15.0,15.0,0.9333,0.8182,0.1136,0.0682,1,1085.0,0,1.513,0.1291,0.2500,1.69,
159,M2,D4,heavy,330,Australia/Brisbane,2026-09-21,false,1.1,1.107,true,90,15,0,1,0,0,0,1,0,0,0,0,0,0.0,0.9957,15.0,15.0,0.9333,0.7955,0.2045,0.0000,0,1245.0,0,3.174,0.0428,0.0000,2.14,"2026-09-23: 0 min break, needs 15"
159,M3,D4,heavy,330,Australia/Brisbane,2026-09-21,false,1.1,1.107,true,90,15,0,0,0,0,0,0,0,0,0,0,0,0.0,1.0000,0.0,0.0,1.0000,0.0000,0.8864,0.1136,8,32295.0,11,13.050,0.0197,0.0000,0.97,
160,M0,D5,medium,120,America/Los_Angeles,2026-10-19,true,0.5,0.504,false,150,7,0,0,0,0,0,0,0,0,0,0,0,0.0,0.8017,360.0,120.0,0.8571,1.0000,0.0000,0.0000,0,0.0,0,0.000,0.0000,0.0000,0.76,
160,M1,D5,medium,120,America/Los_Angeles,2026-10-19,true,0.5,0.504,false,150,7,0,0,0,0,0,0,0,0,0,0,0,0.0,1.0000,0.0,0.0,1.0000,1.0000,0.0000,0.0000,3,0.0,0,0.543,0.0000,0.0000,1.81,
160,M2,D5,medium,120,America/Los_Angeles,2026-10-19,true,0.5,0.504,false,150,7,0,0,0,0,0,0,0,0,0,0,0,0.0,1.0000,0.0,0.0,1.0000,0.6410,0.3077,0.0513,4,12265.0,8,14.549,0.0000,0.0000,2.18,
160,M3,D5,medium,120,America/Los_Angeles,2026-10-19,true,0.5,0.504,false,150,7,0,0,0,0,0,0,0,0,0,0,0,0.0,1.0000,0.0,0.0,1.0000,0.0256,0.6410,0.3333,8,114520.0,21,20.942,0.0364,0.0000,1.05,
161,M0,D6,heavy,275,Australia/Brisbane,2026-10-19,false,0.7,0.703,true,240,20,0,0,0,0,0,0,0,0,0,0,0,0.0,0.8744,825.0,275.0,0.9000,1.0000,0.0000,0.0000,0,0.0,0,0.000,0.0184,0.0000,0.74,
161,M1,D6,heavy,275,Australia/Brisbane,2026-10-19,false,0.7,0.703,true,240,20,0,0,0,0,0,0,0,0,0,0,0,0.0,0.9064,615.0,205.0,0.9500,1.0000,0.0000,0.0000,3,0.0,0,1.358,0.0184,0.0000,1.85,
161,M2,D6,heavy,275,Australia/Brisbane,2026-10-19,false,0.7,0.703,true,240,20,0,0,0,0,0,0,0,0,0,0,0,0.0,0.9749,165.0,55.0,0.9500,0.5254,0.4576,0.0169,5,31320.0,21,25.634,0.0368,0.0000,2.62,
161,M3,D6,heavy,275,Australia/Brisbane,2026-10-19,false,0.7,0.703,true,240,20,0,0,0,0,0,0,0,0,0,0,0,0.0,1.0000,0.0,0.0,1.0000,0.0000,0.7627,0.2373,18,208490.0,37,36.215,0.0047,0.0000,1.20,
162,M0,D1,medium,60,Pacific/Auckland,2026-11-02,false,0.85,0.854,true,150,14,0,0,0,0,0,0,0,0,0,0,0,0.0,0.9626,120.0,60.0,0.9286,1.0000,0.0000,0.0000,0,0.0,0,0.000,0.0100,0.0000,0.61,
162,M1,D1,medium,60,Pacific/Auckland,2026-11-02,false,0.85,0.854,true,150,14,0,0,0,0,0,0,0,0,0,0,0,0.0,1.0000,0.0,0.0,1.0000,1.0000,0.0000,0.0000,1,0.0,0,0.960,0.0075,0.0000,1.53,
162,M2,D1,medium,60,Pacific/Auckland,2026-11-02,false,0.85,0.854,true,150,14,0,1,0,0,0,1,0,0,0,0,0,0.0,1.0000,0.0,0.0,1.0000,0.8684,0.1053,0.0263,2,4325.0,2,8.059,0.0075,0.0000,1.82,"2026-11-08: 0 min break, needs 5"
162,M3,D1,medium,60,Pacific/Auckland,2026-11-02,false,0.85,0.854,true,150,14,0,0,0,0,0,0,0,0,0,0,0,0.0,1.0000,0.0,0.0,1.0000,0.0000,0.7895,0.2105,2,148595.0,20,19.757,0.0379,0.0000,0.91,
163,M0,D2,light,0,Australia/Perth,2026-11-02,false,0.95,0.946,true,90,12,0,0,0,0,0,0,0,0,0,0,0,0.0,1.0000,0.0,0.0,1.0000,1.0000,0.0000,0.0000,0,0.0,0,0.000,0.0000,0.0000,0.66,
163,M1,D2,light,0,Australia/Perth,2026-11-02,false,0.95,0.946,true,90,12,0,0,0,0,0,0,0,0,0,0,0,0.0,1.0000,0.0,0.0,1.0000,1.0000,0.0000,0.0000,0,0.0,0,0.000,0.0000,0.0000,1.74,
163,M2,D2,light,0,Australia/Perth,2026-11-02,false,0.95,0.946,true,90,12,0,0,0,0,0,0,0,0,0,0,0,0.0,1.0000,0.0,0.0,1.0000,1.0000,0.0000,0.0000,0,0.0,0,0.000,0.0000,0.0000,2.25,
163,M3,D2,light,0,Australia/Perth,2026-11-02,false,0.95,0.946,true,90,12,0,0,0,0,0,0,0,0,0,0,0,0.0,1.0000,0.0,0.0,1.0000,0.0465,0.6512,0.3023,3,27255.0,14,17.964,0.0153,0.0000,0.97,
164,M0,D3,heavy,240,Australia/Melbourne,2026-11-02,false,1.1,1.098,false,240,20,0,0,0,0,0,0,0,0,0,0,0,0.0,0.9421,540.0,240.0,0.7778,0.9456,0.0000,0.0544,0,0.0,0,22.267,0.0000,0.0000,0.73,
164,M1,D3,heavy,240,Australia/Melbourne,2026-11-02,false,1.1,1.098,false,240,20,0,0,0,0,0,0,0,0,0,0,0,0.0,0.9421,540.0,240.0,0.7778,0.9456,0.0000,0.0544,0,0.0,0,22.267,0.0000,0.0000,1.84,
164,M2,D3,heavy,240,Australia/Melbourne,2026-11-02,false,1.1,1.098,false,240,20,0,0,0,0,0,0,0,0,0,0,0,0.0,1.0000,0.0,0.0,1.0000,0.2109,0.7551,0.0340,0,202760.0,105,65.000,0.0000,0.0000,3.56,
164,M3,D3,heavy,240,Australia/Melbourne,2026-11-02,false,1.1,1.098,false,240,20,0,0,0,0,0,0,0,0,0,0,0,0.0,1.0000,0.0,0.0,1.0000,0.0748,0.7687,0.1565,3,216810.0,93,64.606,0.0002,0.0000,1.06,
165,M0,D4,light,0,Australia/Adelaide,2026-10-12,false,0.5,0.502,true,240,8,0,0,0,0,0,0,0,0,0,0,0,0.0,1.0000,0.0,0.0,1.0000,1.0000,0.0000,0.0000,0,0.0,0,0.000,0.0508,0.0000,0.71,
165,M1,D4,light,0,Australia/Adelaide,2026-10-12,false,0.5,0.502,true,240,8,0,0,0,0,0,0,0,0,0,0,0,0.0,1.0000,0.0,0.0,1.0000,1.0000,0.0000,0.0000,0,0.0,0,0.000,0.0508,0.0000,1.76,
165,M2,D4,light,0,Australia/Adelaide,2026-10-12,false,0.5,0.502,true,240,8,0,0,0,0,0,0,0,0,0,0,0,0.0,1.0000,0.0,0.0,1.0000,0.9048,0.0952,0.0000,1,2355.0,2,5.257,0.0508,0.0000,2.23,
165,M3,D4,light,0,Australia/Adelaide,2026-10-12,false,0.5,0.502,true,240,8,0,0,0,0,0,0,0,0,0,0,0,0.0,1.0000,0.0,0.0,1.0000,0.0119,0.8214,0.1667,0,623560.0,47,29.827,0.0491,0.0000,1.05,
166,M0,D5,medium,90,Australia/Lord_Howe,2027-03-15,true,0.7,0.693,false,180,16,0,0,0,0,0,0,0,0,0,0,0,0.0,0.9326,270.0,90.0,0.9375,1.0000,0.0000,0.0000,0,0.0,0,0.000,0.0000,0.0000,0.76,
166,M1,D5,medium,90,Australia/Lord_Howe,2027-03-15,true,0.7,0.693,false,180,16,0,0,0,0,0,0,0,0,0,0,0,0.0,0.9326,270.0,90.0,0.9375,1.0000,0.0000,0.0000,0,0.0,0,0.000,0.0000,0.0000,1.88,
166,M2,D5,medium,90,Australia/Lord_Howe,2027-03-15,true,0.7,0.693,false,180,16,0,0,0,0,0,0,0,0,0,0,0,0.0,1.0000,0.0,0.0,1.0000,0.3269,0.5769,0.0962,8,19300.0,13,22.813,0.0000,0.0000,2.52,
166,M3,D5,medium,90,Australia/Lord_Howe,2027-03-15,true,0.7,0.693,false,180,16,0,0,0,0,0,0,0,0,0,0,0,0.0,0.9925,30.0,10.0,0.9375,0.0000,0.7115,0.2885,8,54875.0,12,25.924,0.0103,0.0000,1.07,
167,M0,D6,heavy,270,America/Los_Angeles,2026-11-02,false,0.85,0.854,true,150,17,0,0,0,0,0,0,0,0,0,0,0,0.0,0.8203,795.0,270.0,0.7647,0.9375,0.0000,0.0625,0,0.0,0,9.578,0.0467,0.0000,0.52,
167,M1,D6,heavy,270,America/Los_Angeles,2026-11-02,false,0.85,0.854,true,150,17,0,0,0,0,0,0,0,0,0,0,0,0.0,0.9186,360.0,120.0,0.9412,0.9375,0.0625,0.0000,0,38160.0,3,7.183,0.0214,0.0000,1.32,
167,M2,D6,heavy,270,America/Los_Angeles,2026-11-02,false,0.85,0.854,true,150,17,0,3,3,0,0,0,0,0,0,0,0,150.0,1.0000,0.0,0.0,1.0000,0.3750,0.5000,0.1250,4,28950.0,20,26.372,0.1095,0.0000,1.75,2026-11-07 t-new: 60 min over Time off
167,M3,D6,heavy,270,America/Los_Angeles,2026-11-02,false,0.85,0.854,true,150,17,0,0,0,0,0,0,0,0,0,0,0,0.0,1.0000,0.0,0.0,1.0000,0.0000,0.7292,0.2708,11,110685.0,34,31.419,0.0244,0.0000,0.82,
168,M0,D1,light,25,Australia/Melbourne,2027-02-08,false,0.95,0.943,false,180,20,0,0,0,0,0,0,0,0,0,0,0,0.0,0.9912,50.0,25.0,0.9412,1.0000,0.0000,0.0000,0,0.0,0,0.000,0.0000,0.0000,0.63,
168,M1,D1,light,25,Australia/Melbourne,2027-02-08,false,0.95,0.943,false,180,20,0,0,0,0,0,0,0,0,0,0,0,0.0,0.9912,50.0,25.0,0.9412,1.0000,0.0000,0.0000,0,0.0,0,0.000,0.0000,0.0000,1.59,
168,M2,D1,light,25,Australia/Melbourne,2027-02-08,false,0.95,0.943,false,180,20,0,0,0,0,0,0,0,0,0,0,0,0.0,1.0000,0.0,0.0,1.0000,0.6279,0.3488,0.0233,1,16060.0,5,7.454,0.0000,0.0000,2.22,
168,M3,D1,light,25,Australia/Melbourne,2027-02-08,false,0.95,0.943,false,180,20,0,0,0,0,0,0,0,0,0,0,0,0.0,1.0000,0.0,0.0,1.0000,0.0581,0.7209,0.2209,5,46455.0,27,31.063,0.0000,0.0000,0.93,
169,M0,D2,medium,110,Australia/Brisbane,2027-03-15,false,1.1,1.089,true,120,17,0,0,0,0,0,0,0,0,0,0,0,0.0,0.9266,230.0,180.0,0.7143,0.9250,0.0000,0.0750,0,0.0,0,11.487,0.1014,0.0000,0.57,
169,M1,D2,medium,110,Australia/Brisbane,2027-03-15,false,1.1,1.089,true,120,17,0,0,0,0,0,0,0,0,0,0,0,0.0,0.9809,60.0,60.0,0.8571,0.9250,0.0500,0.0250,1,370.0,0,8.505,0.0894,0.0000,1.44,
169,M2,D2,medium,110,Australia/Brisbane,2027-03-15,false,1.1,1.089,true,120,17,0,0,0,0,0,0,0,0,0,0,0,0.0,0.9745,80.0,80.0,0.9286,0.9250,0.0750,0.0000,0,630.0,0,5.744,0.0891,0.0000,1.83,
169,M3,D2,medium,110,Australia/Brisbane,2027-03-15,false,1.1,1.089,true,120,17,0,0,0,0,0,0,0,0,0,0,0,0.0,0.9793,65.0,65.0,0.8571,0.0000,0.8000,0.2000,7,46785.0,12,20.949,0.0643,0.0000,0.87,
170,M0,D3,light,0,America/Los_Angeles,2026-10-12,true,0.5,0.845,false,90,6,1,0,0,0,0,0,0,0,0,0,0,0.0,1.0000,0.0,0.0,1.0000,0.9737,0.0000,0.0263,0,0.0,0,0.254,0.0592,0.0000,0.70,
170,M1,D3,light,0,America/Los_Angeles,2026-10-12,true,0.5,0.845,false,90,6,1,0,0,0,0,0,0,0,0,0,0,0.0,1.0000,0.0,0.0,1.0000,0.9737,0.0000,0.0263,0,0.0,0,0.254,0.0592,0.0000,1.70,
170,M2,D3,light,0,America/Los_Angeles,2026-10-12,true,0.5,0.845,false,90,6,1,2,2,0,0,0,0,0,0,0,0,60.0,1.0000,0.0,0.0,1.0000,0.9474,0.0526,0.0000,0,1115.0,1,2.043,0.0395,0.0000,2.12,2026-10-17 Economics: 30 min over Time off
170,M3,D3,light,0,America/Los_Angeles,2026-10-12,true,0.5,0.845,false,90,6,1,0,0,0,0,0,0,0,0,0,0,0.0,1.0000,0.0,0.0,1.0000,0.0000,0.7105,0.2895,7,108125.0,19,14.244,0.0263,0.0000,0.99,
171,M0,D4,light,0,Australia/Hobart,2026-10-12,false,0.7,0.705,false,180,15,0,0,0,0,0,0,0,0,0,0,0,0.0,1.0000,0.0,0.0,1.0000,1.0000,0.0000,0.0000,0,0.0,0,0.000,0.0329,0.0000,0.52,
171,M1,D4,light,0,Australia/Hobart,2026-10-12,false,0.7,0.705,false,180,15,0,0,0,0,0,0,0,0,0,0,0,0.0,1.0000,0.0,0.0,1.0000,1.0000,0.0000,0.0000,0,0.0,0,0.000,0.0329,0.0000,1.32,
171,M2,D4,light,0,Australia/Hobart,2026-10-12,false,0.7,0.705,false,180,15,0,0,0,0,0,0,0,0,0,0,0,0.0,1.0000,0.0,0.0,1.0000,0.9512,0.0488,0.0000,0,280.0,0,1.997,0.0329,0.0000,1.56,
171,M3,D4,light,0,Australia/Hobart,2026-10-12,false,0.7,0.705,false,180,15,0,0,0,0,0,0,0,0,0,0,0,0.0,1.0000,0.0,0.0,1.0000,0.0000,0.7561,0.2439,1,93975.0,10,16.120,0.0161,0.0000,0.85,
172,M0,D5,medium,150,Australia/Sydney,2026-10-19,false,0.85,0.848,false,120,11,0,0,0,0,0,0,0,0,0,0,0,0.0,0.9412,150.0,150.0,0.9000,1.0000,0.0000,0.0000,0,0.0,0,0.000,0.0214,0.0000,0.59,
172,M1,D5,medium,150,Australia/Sydney,2026-10-19,false,0.85,0.848,false,120,11,0,0,0,0,0,0,0,0,0,0,0,0.0,0.9412,150.0,150.0,0.9000,1.0000,0.0000,0.0000,0,0.0,0,0.000,0.0214,0.0000,1.48,
172,M2,D5,medium,150,Australia/Sydney,2026-10-19,false,0.85,0.848,false,120,11,0,0,0,0,0,0,0,0,0,0,0,0.0,1.0000,0.0,0.0,1.0000,0.4375,0.5313,0.0313,5,29125.0,15,17.930,0.0107,0.0000,1.66,
172,M3,D5,medium,150,Australia/Sydney,2026-10-19,false,0.85,0.848,false,120,11,0,0,0,0,0,0,0,0,0,0,0,0.0,1.0000,0.0,0.0,1.0000,0.0000,0.8125,0.1875,9,122595.0,26,24.801,0.0381,0.0000,0.86,
173,M0,D6,heavy,275,Australia/Sydney,2026-11-02,false,0.95,0.953,true,240,20,0,0,0,0,0,0,0,0,0,0,0,0.0,0.9491,365.0,155.0,0.7500,0.9371,0.0000,0.0629,0,0.0,0,9.762,0.0235,0.0000,0.76,
173,M1,D6,heavy,275,Australia/Sydney,2026-11-02,false,0.95,0.953,true,240,20,0,0,0,0,0,0,0,0,0,0,0,0.0,0.9874,90.0,30.0,0.9500,0.9371,0.0280,0.0350,0,2685.0,1,7.301,0.0235,0.0000,1.90,
173,M2,D6,heavy,275,Australia/Sydney,2026-11-02,false,0.95,0.953,true,240,20,0,0,0,0,0,0,0,0,0,0,0,0.0,1.0000,0.0,0.0,1.0000,0.4895,0.4965,0.0140,2,39460.0,19,20.552,0.0235,0.0000,3.47,
173,M3,D6,heavy,275,Australia/Sydney,2026-11-02,false,0.95,0.953,true,240,20,0,0,0,0,0,0,0,0,0,0,0,0.0,1.0000,0.0,0.0,1.0000,0.0140,0.7972,0.1888,4,155400.0,64,55.393,0.0205,0.0000,1.13,
174,M0,D1,light,30,Australia/Hobart,2027-05-10,false,1.1,1.095,true,90,9,0,0,0,0,0,0,0,0,0,0,0,0.0,0.9853,30.0,30.0,0.8889,1.0000,0.0000,0.0000,0,0.0,0,0.000,0.0303,0.0000,0.71,
174,M1,D1,light,30,Australia/Hobart,2027-05-10,false,1.1,1.095,true,90,9,0,0,0,0,0,0,0,0,0,0,0,0.0,0.9853,30.0,30.0,0.8889,1.0000,0.0000,0.0000,0,0.0,0,0.000,0.0303,0.0000,1.74,
174,M2,D1,light,30,Australia/Hobart,2027-05-10,false,1.1,1.095,true,90,9,0,0,0,0,0,0,0,0,0,0,0,0.0,1.0000,0.0,0.0,1.0000,0.6889,0.2667,0.0444,0,9845.0,4,4.948,0.0269,0.0000,2.01,
174,M3,D1,light,30,Australia/Hobart,2027-05-10,false,1.1,1.095,true,90,9,0,0,0,0,0,0,0,0,0,0,0,0.0,1.0000,0.0,0.0,1.0000,0.0000,0.7778,0.2222,12,100655.0,16,18.210,0.0227,0.0000,1.00,
175,M0,D2,medium,90,Australia/Hobart,2026-11-02,false,0.5,0.500,false,150,6,0,0,0,0,0,0,0,0,0,0,0,0.0,1.0000,0.0,0.0,1.0000,0.9286,0.0000,0.0714,0,0.0,0,4.080,0.0846,0.0000,0.60,
175,M1,D2,medium,90,Australia/Hobart,2026-11-02,false,0.5,0.500,false,150,6,0,0,0,0,0,0,0,0,0,0,0,0.0,1.0000,0.0,0.0,1.0000,0.9286,0.0000,0.0714,0,0.0,0,4.080,0.0846,0.0000,1.52,
175,M2,D2,medium,90,Australia/Hobart,2026-11-02,false,0.5,0.500,false,150,6,0,0,0,0,0,0,0,0,0,0,0,0.0,1.0000,0.0,0.0,1.0000,0.8810,0.1190,0.0000,0,525.0,0,2.951,0.0142,0.0000,1.90,
175,M3,D2,medium,90,Australia/Hobart,2026-11-02,false,0.5,0.500,false,150,6,0,0,0,0,0,0,0,0,0,0,0,0.0,1.0000,0.0,0.0,1.0000,0.0000,0.8095,0.1905,0,299060.0,25,12.263,0.0885,0.0000,0.93,
176,M0,D3,light,0,Australia/Sydney,2026-10-12,false,0.7,0.744,false,90,6,0,0,0,0,0,0,0,0,0,0,0,0.0,1.0000,0.0,0.0,1.0000,1.0000,0.0000,0.0000,0,0.0,0,0.000,0.0156,0.0000,0.68,
176,M1,D3,light,0,Australia/Sydney,2026-10-12,false,0.7,0.744,false,90,6,0,0,0,0,0,0,0,0,0,0,0,0.0,1.0000,0.0,0.0,1.0000,1.0000,0.0000,0.0000,0,0.0,0,0.000,0.0156,0.0000,1.64,
176,M2,D3,light,0,Australia/Sydney,2026-10-12,false,0.7,0.744,false,90,6,0,0,0,0,0,0,0,0,0,0,0,0.0,1.0000,0.0,0.0,1.0000,1.0000,0.0000,0.0000,0,0.0,0,0.000,0.0156,0.0000,2.00,
176,M3,D3,light,0,Australia/Sydney,2026-10-12,false,0.7,0.744,false,90,6,0,0,0,0,0,0,0,0,0,0,0,0.0,1.0000,0.0,0.0,1.0000,0.0952,0.9048,0.0000,0,261150.0,28,10.971,0.0156,0.0000,0.99,
177,M0,D4,medium,130,Australia/Hobart,2027-03-15,true,0.85,0.851,false,180,20,0,0,0,0,0,0,0,0,0,0,0,0.0,0.9585,200.0,120.0,0.8000,0.9540,0.0000,0.0460,0,0.0,0,3.119,0.1133,0.0000,0.62,
177,M1,D4,medium,130,Australia/Hobart,2027-03-15,true,0.85,0.851,false,180,20,0,0,0,0,0,0,0,0,0,0,0,0.0,1.0000,0.0,0.0,1.0000,0.9540,0.0460,0.0000,0,3310.0,0,1.559,0.1133,0.0000,1.68,
177,M2,D4,medium,130,Australia/Hobart,2027-03-15,true,0.85,0.851,false,180,20,0,0,0,0,0,0,0,0,0,0,0,0.0,1.0000,0.0,0.0,1.0000,0.9195,0.0805,0.0000,0,1470.0,0,1.208,0.1133,0.0000,2.18,
177,M3,D4,medium,130,Australia/Hobart,2027-03-15,true,0.85,0.851,false,180,20,0,0,0,0,0,0,0,0,0,0,0,0.0,1.0000,0.0,0.0,1.0000,0.0115,0.7816,0.2069,9,90010.0,28,29.988,0.0026,0.0000,0.94,
178,M0,D5,medium,90,America/Los_Angeles,2027-05-10,false,0.95,0.946,true,90,13,0,0,0,0,0,0,0,0,0,0,0,0.0,0.9431,180.0,90.0,0.9231,1.0000,0.0000,0.0000,0,0.0,0,0.000,0.0373,0.0000,0.53,
178,M1,D5,medium,90,America/Los_Angeles,2027-05-10,false,0.95,0.946,true,90,13,0,0,0,0,0,0,0,0,0,0,0,0.0,0.9431,180.0,90.0,0.9231,1.0000,0.0000,0.0000,0,0.0,0,0.000,0.0373,0.0000,1.37,
178,M2,D5,medium,90,America/Los_Angeles,2027-05-10,false,0.95,0.946,true,90,13,0,0,0,0,0,0,0,0,0,0,0,0.0,1.0000,0.0,0.0,1.0000,0.2500,0.7188,0.0313,3,36475.0,21,16.944,0.0308,0.0000,1.57,
178,M3,D5,medium,90,America/Los_Angeles,2027-05-10,false,0.95,0.946,true,90,13,0,0,0,0,0,0,0,0,0,0,0,0.0,1.0000,0.0,0.0,1.0000,0.0000,0.8125,0.1875,4,61675.0,21,20.517,0.0101,0.0000,0.82,
179,M0,D6,heavy,375,Australia/Hobart,2027-02-08,false,1.1,1.094,false,210,20,0,0,0,0,0,0,0,0,0,0,0,0.0,0.8944,960.0,375.0,0.5000,0.8968,0.0000,0.1032,0,0.0,0,24.523,0.0705,0.0000,0.70,
179,M1,D6,heavy,375,Australia/Hobart,2027-02-08,false,1.1,1.094,false,210,20,0,0,0,0,0,0,0,0,0,0,0,0.0,0.9439,510.0,210.0,0.7778,0.8968,0.0476,0.0556,0,1620.0,0,23.397,0.0526,0.0000,1.76,
179,M2,D6,heavy,375,Australia/Hobart,2027-02-08,false,1.1,1.094,false,210,20,0,0,0,0,0,0,0,0,0,0,0,0.0,1.0000,0.0,0.0,1.0000,0.2143,0.7540,0.0317,0,172670.0,90,55.439,0.0167,0.0000,3.22,
179,M3,D6,heavy,375,Australia/Hobart,2027-02-08,false,1.1,1.094,false,210,20,0,0,0,0,0,0,0,0,0,0,0,0.0,1.0000,0.0,0.0,1.0000,0.1429,0.7222,0.1349,4,177420.0,82,56.698,0.0077,0.0000,1.02,
180,M0,D1,light,20,America/Los_Angeles,2026-11-16,false,0.5,0.505,true,210,7,0,0,0,0,0,0,0,0,0,0,0,0.0,0.9739,40.0,20.0,0.8571,1.0000,0.0000,0.0000,0,0.0,0,0.000,0.0204,0.0000,0.71,
180,M1,D1,light,20,America/Los_Angeles,2026-11-16,false,0.5,0.505,true,210,7,0,0,0,0,0,0,0,0,0,0,0,0.0,1.0000,0.0,0.0,1.0000,1.0000,0.0000,0.0000,1,0.0,0,0.589,0.0204,0.0000,1.83,
180,M2,D1,light,20,America/Los_Angeles,2026-11-16,false,0.5,0.505,true,210,7,0,0,0,0,0,0,0,0,0,0,0,0.0,1.0000,0.0,0.0,1.0000,0.8919,0.1081,0.0000,1,3895.0,3,5.539,0.0204,0.0000,2.12,
180,M3,D1,light,20,America/Los_Angeles,2026-11-16,false,0.5,0.505,true,210,7,0,0,0,0,0,0,0,0,0,0,0,0.0,0.9935,10.0,5.0,0.8571,0.0676,0.8108,0.1216,4,623450.0,45,28.305,0.0306,0.0000,1.03,
181,M0,D2,light,0,Australia/Brisbane,2027-05-10,false,0.7,0.699,true,180,15,0,0,0,0,0,0,0,0,0,0,0,0.0,1.0000,0.0,0.0,1.0000,1.0000,0.0000,0.0000,0,0.0,0,0.000,0.0000,0.0000,0.71,
181,M1,D2,light,0,Australia/Brisbane,2027-05-10,false,0.7,0.699,true,180,15,0,0,0,0,0,0,0,0,0,0,0,0.0,1.0000,0.0,0.0,1.0000,1.0000,0.0000,0.0000,0,0.0,0,0.000,0.0000,0.0000,1.71,
181,M2,D2,light,0,Australia/Brisbane,2027-05-10,false,0.7,0.699,true,180,15,0,0,0,0,0,0,0,0,0,0,0,0.0,1.0000,0.0,0.0,1.0000,0.6429,0.3571,0.0000,2,7670.0,2,5.767,0.0000,0.0000,2.57,
181,M3,D2,light,0,Australia/Brisbane,2027-05-10,false,0.7,0.699,true,180,15,0,0,0,0,0,0,0,0,0,0,0,0.0,1.0000,0.0,0.0,1.0000,0.0238,0.6905,0.2857,4,131485.0,27,36.989,0.0129,0.0000,1.09,
182,M0,D3,heavy,230,America/Los_Angeles,2026-10-19,true,0.85,0.849,true,240,20,1,0,0,0,0,0,0,0,0,0,0,0.0,0.9387,470.0,255.0,0.7000,0.9135,0.0000,0.0865,0,0.0,0,25.756,0.0056,0.0000,0.54,
182,M1,D3,heavy,230,America/Los_Angeles,2026-10-19,true,0.85,0.849,true,240,20,1,0,0,0,0,0,0,0,0,0,0,0.0,0.9452,420.0,230.0,0.7500,0.9135,0.0096,0.0769,0,1455.0,1,25.645,0.0056,0.0000,1.43,
182,M2,D3,heavy,230,America/Los_Angeles,2026-10-19,true,0.85,0.849,true,240,20,1,9,8,1,0,0,0,0,0,0,0,245.0,1.0000,0.0,0.0,1.0000,1.0000,0.0000,0.0000,0,0.0,0,0.000,0.0000,0.0000,2.56,2026-10-25 t17: 20 min over Time off
182,M3,D3,heavy,230,America/Los_Angeles,2026-10-19,true,0.85,0.849,true,240,20,1,0,0,0,0,0,0,0,0,0,0,0.0,1.0000,0.0,0.0,1.0000,0.0673,0.6538,0.2788,2,122875.0,59,57.886,0.0406,0.0000,0.86,
183,M0,D4,light,0,Australia/Sydney,2026-11-16,false,0.95,0.952,true,90,6,0,0,0,0,0,0,0,0,0,0,0,0.0,1.0000,0.0,0.0,1.0000,1.0000,0.0000,0.0000,0,0.0,0,0.000,0.0359,0.0000,0.69,
183,M1,D4,light,0,Australia/Sydney,2026-11-16,false,0.95,0.952,true,90,6,0,0,0,0,0,0,0,0,0,0,0,0.0,1.0000,0.0,0.0,1.0000,1.0000,0.0000,0.0000,0,0.0,0,0.000,0.0359,0.0000,1.61,
183,M2,D4,light,0,Australia/Sydney,2026-11-16,false,0.95,0.952,true,90,6,0,0,0,0,0,0,0,0,0,0,0,0.0,1.0000,0.0,0.0,1.0000,0.9412,0.0588,0.0000,0,750.0,0,0.515,0.0359,0.0000,1.84,
183,M3,D4,light,0,Australia/Sydney,2026-11-16,false,0.95,0.952,true,90,6,0,0,0,0,0,0,0,0,0,0,0,0.0,1.0000,0.0,0.0,1.0000,0.0000,1.0000,0.0000,9,221860.0,38,20.048,0.0313,0.0000,0.98,
184,M0,D5,heavy,240,Australia/Melbourne,2027-05-10,false,1.1,1.098,false,240,21,0,0,0,0,0,0,0,0,0,0,0,0.0,0.9284,720.0,240.0,0.9500,1.0000,0.0000,0.0000,0,0.0,0,0.000,0.0300,0.0000,0.66,
184,M1,D5,heavy,240,Australia/Melbourne,2027-05-10,false,1.1,1.098,false,240,21,0,0,0,0,0,0,0,0,0,0,0,0.0,0.9284,720.0,240.0,0.9500,1.0000,0.0000,0.0000,0,0.0,0,0.000,0.0300,0.0000,1.59,
184,M2,D5,heavy,240,Australia/Melbourne,2027-05-10,false,1.1,1.098,false,240,21,0,0,0,0,0,0,0,0,0,0,0,0.0,1.0000,0.0,0.0,1.0000,0.1217,0.8087,0.0696,10,140590.0,63,38.027,0.0588,0.0000,2.93,
184,M3,D5,heavy,240,Australia/Melbourne,2027-05-10,false,1.1,1.098,false,240,21,0,0,0,0,0,0,0,0,0,0,0,0.0,1.0000,0.0,0.0,1.0000,0.0348,0.8174,0.1478,19,154060.0,72,49.137,0.0037,0.0000,0.93,
185,M0,D6,medium,180,Pacific/Auckland,2026-10-19,false,0.5,0.500,true,240,9,0,0,0,0,0,0,0,0,0,0,0,0.0,0.7722,540.0,180.0,0.8889,1.0000,0.0000,0.0000,0,0.0,0,0.000,0.0526,0.0000,0.65,
185,M1,D6,medium,180,Pacific/Auckland,2026-10-19,false,0.5,0.500,true,240,9,0,0,0,0,0,0,0,0,0,0,0,0.0,1.0000,0.0,0.0,1.0000,1.0000,0.0000,0.0000,6,0.0,0,4.064,0.0395,0.0000,1.65,
185,M2,D6,medium,180,Pacific/Auckland,2026-10-19,false,0.5,0.500,true,240,9,0,0,0,0,0,0,0,0,0,0,0,0.0,0.8861,270.0,90.0,0.8889,1.0000,0.0000,0.0000,3,0.0,0,1.774,0.0395,0.0000,2.25,
185,M3,D6,medium,180,Pacific/Auckland,2026-10-19,false,0.5,0.500,true,240,9,0,0,0,0,0,0,0,0,0,0,0,0.0,1.0000,0.0,0.0,1.0000,0.0500,0.8833,0.0667,12,530370.0,37,20.003,0.0000,0.0000,0.99,
186,M0,D1,light,35,Australia/Hobart,2027-05-10,false,0.7,0.696,false,210,17,0,0,0,0,0,0,0,0,0,0,0,0.0,0.9895,35.0,35.0,0.9412,1.0000,0.0000,0.0000,0,0.0,0,0.000,0.0141,0.0000,0.63,
186,M1,D1,light,35,Australia/Hobart,2027-05-10,false,0.7,0.696,false,210,17,0,0,0,0,0,0,0,0,0,0,0,0.0,1.0000,0.0,0.0,1.0000,1.0000,0.0000,0.0000,2,0.0,0,0.394,0.0141,0.0000,1.61,
186,M2,D1,light,35,Australia/Hobart,2027-05-10,false,0.7,0.696,false,210,17,0,0,0,0,0,0,0,0,0,0,0,0.0,1.0000,0.0,0.0,1.0000,0.6452,0.3548,0.0000,2,5190.0,2,8.560,0.0141,0.0000,2.19,
186,M3,D1,light,35,Australia/Hobart,2027-05-10,false,0.7,0.696,false,210,17,0,0,0,0,0,0,0,0,0,0,0,0.0,1.0000,0.0,0.0,1.0000,0.0161,0.6935,0.2903,3,151075.0,21,27.231,0.0292,0.0000,0.92,
187,M0,D2,light,0,Pacific/Auckland,2026-10-19,false,0.85,0.846,false,150,16,0,0,0,0,0,0,0,0,0,0,0,0.0,1.0000,0.0,0.0,1.0000,1.0000,0.0000,0.0000,0,0.0,0,0.000,0.0389,0.0000,0.64,
187,M1,D2,light,0,Pacific/Auckland,2026-10-19,false,0.85,0.846,false,150,16,0,0,0,0,0,0,0,0,0,0,0,0.0,1.0000,0.0,0.0,1.0000,1.0000,0.0000,0.0000,0,0.0,0,0.000,0.0389,0.0000,1.77,
187,M2,D2,light,0,Pacific/Auckland,2026-10-19,false,0.85,0.846,false,150,16,0,0,0,0,0,0,0,0,0,0,0,0.0,1.0000,0.0,0.0,1.0000,0.9600,0.0400,0.0000,0,110.0,0,1.652,0.0389,0.0000,2.23,
187,M3,D2,light,0,Pacific/Auckland,2026-10-19,false,0.85,0.846,false,150,16,0,0,0,0,0,0,0,0,0,0,0,0.0,1.0000,0.0,0.0,1.0000,0.0200,0.7800,0.2000,13,90970.0,17,19.807,0.0391,0.0000,0.97,
188,M0,D3,medium,110,Australia/Hobart,2027-02-08,false,0.95,0.946,true,120,13,0,0,0,0,0,0,0,0,0,0,0,0.0,0.9475,170.0,110.0,0.8462,0.9538,0.0000,0.0462,0,0.0,0,10.870,0.0443,0.0000,0.75,
188,M1,D3,medium,110,Australia/Hobart,2027-02-08,false,0.95,0.946,true,120,13,0,0,0,0,0,0,0,0,0,0,0,0.0,0.9475,170.0,110.0,0.8462,0.9538,0.0000,0.0462,0,0.0,0,10.870,0.0443,0.0000,1.88,
188,M2,D3,medium,110,Australia/Hobart,2027-02-08,false,0.95,0.946,true,120,13,0,0,0,0,0,0,0,0,0,0,0,0.0,1.0000,0.0,0.0,1.0000,0.4308,0.5385,0.0308,0,49395.0,35,28.940,0.0673,0.0000,2.49,
188,M3,D3,medium,110,Australia/Hobart,2027-02-08,false,0.95,0.946,true,120,13,0,0,0,0,0,0,0,0,0,0,0,0.0,1.0000,0.0,0.0,1.0000,0.0615,0.6923,0.2462,4,141480.0,38,29.873,0.0361,0.0000,1.04,
189,M0,D4,medium,170,Australia/Sydney,2027-05-10,false,1.1,1.080,false,240,20,0,0,0,0,0,0,0,0,0,0,0,0.0,0.9072,660.0,450.0,0.6667,0.9596,0.0000,0.0404,0,0.0,0,2.776,0.1177,0.0000,0.61,
189,M1,D4,medium,170,Australia/Sydney,2027-05-10,false,1.1,1.080,false,240,20,0,0,0,0,0,0,0,0,0,0,0,0.0,0.9606,280.0,280.0,0.9333,0.9596,0.0404,0.0000,0,2770.0,0,1.388,0.0985,0.0000,1.56,
189,M2,D4,medium,170,Australia/Sydney,2027-05-10,false,1.1,1.080,false,240,20,0,0,0,0,0,0,0,0,0,0,0,0.0,0.9606,280.0,280.0,0.9333,0.7778,0.2222,0.0000,0,3545.0,0,3.383,0.0985,0.0000,2.57,
189,M3,D4,medium,170,Australia/Sydney,2027-05-10,false,1.1,1.080,false,240,20,0,0,0,0,0,0,0,0,0,0,0,0.0,0.9606,280.0,280.0,0.9333,0.0202,0.8182,0.1616,8,124425.0,47,36.687,0.0025,0.0000,0.94,
190,M0,D5,medium,120,Australia/Adelaide,2026-11-16,false,0.5,0.500,false,120,7,0,0,0,0,0,0,0,0,0,0,0,0.0,0.7838,240.0,120.0,0.8571,1.0000,0.0000,0.0000,0,0.0,0,0.000,0.0800,0.0000,0.69,
190,M1,D5,medium,120,Australia/Adelaide,2026-11-16,false,0.5,0.500,false,120,7,0,0,0,0,0,0,0,0,0,0,0,0.0,1.0000,0.0,0.0,1.0000,1.0000,0.0000,0.0000,3,0.0,0,2.582,0.0600,0.0000,1.55,
190,M2,D5,medium,120,Australia/Adelaide,2026-11-16,false,0.5,0.500,false,120,7,0,0,0,0,0,0,0,0,0,0,0,0.0,1.0000,0.0,0.0,1.0000,0.9677,0.0323,0.0000,3,60.0,0,3.057,0.0600,0.0000,1.69,
190,M3,D5,medium,120,Australia/Adelaide,2026-11-16,false,0.5,0.500,false,120,7,0,0,0,0,0,0,0,0,0,0,0,0.0,1.0000,0.0,0.0,1.0000,0.0000,0.8387,0.1613,4,279150.0,21,11.535,0.0200,0.0000,0.93,
191,M0,D6,heavy,300,Australia/Sydney,2026-11-16,false,0.7,0.696,true,120,10,0,0,0,0,0,0,0,0,0,0,0,0.0,0.8195,360.0,220.0,0.6000,0.8000,0.0000,0.2000,0,0.0,0,8.493,0.0746,0.0000,0.62,
191,M1,D6,heavy,300,Australia/Sydney,2026-11-16,false,0.7,0.696,true,120,10,0,0,0,0,0,0,0,0,0,0,0,0.0,1.0000,0.0,0.0,1.0000,0.8000,0.1500,0.0500,1,3390.0,0,4.948,0.0746,0.0000,1.58,
191,M2,D6,heavy,300,Australia/Sydney,2026-11-16,false,0.7,0.696,true,120,10,0,0,0,0,0,0,0,0,0,0,0,0.0,1.0000,0.0,0.0,1.0000,0.8000,0.2000,0.0000,0,1275.0,0,4.247,0.0082,0.0000,1.93,
191,M3,D6,heavy,300,Australia/Sydney,2026-11-16,false,0.7,0.696,true,120,10,0,0,0,0,0,0,0,0,0,0,0,0.0,1.0000,0.0,0.0,1.0000,0.0000,0.8000,0.2000,6,138910.0,17,19.204,0.0387,0.0000,0.90,
192,M0,D1,light,40,Australia/Sydney,2027-02-08,false,0.85,0.848,false,180,20,0,0,0,0,0,0,0,0,0,0,0,0.0,0.9891,40.0,40.0,0.9333,1.0000,0.0000,0.0000,0,0.0,0,0.000,0.0122,0.0000,0.67,
192,M1,D1,light,40,Australia/Sydney,2027-02-08,false,0.85,0.848,false,180,20,0,0,0,0,0,0,0,0,0,0,0,0.0,0.9891,40.0,40.0,0.9333,1.0000,0.0000,0.0000,0,0.0,0,0.000,0.0122,0.0000,1.67,
192,M2,D1,light,40,Australia/Sydney,2027-02-08,false,0.85,0.848,false,180,20,0,0,0,0,0,0,0,0,0,0,0,0.0,1.0000,0.0,0.0,1.0000,0.3382,0.5735,0.0882,2,32710.0,17,16.814,0.0122,0.0000,2.23,
192,M3,D1,light,40,Australia/Sydney,2027-02-08,false,0.85,0.848,false,180,20,0,0,0,0,0,0,0,0,0,0,0,0.0,1.0000,0.0,0.0,1.0000,0.0147,0.6912,0.2941,1,68045.0,23,29.338,0.0106,0.0000,0.99,
193,M0,D2,light,0,Australia/Lord_Howe,2027-03-15,true,0.95,0.955,true,240,20,0,0,0,0,0,0,0,0,0,0,0,0.0,1.0000,0.0,0.0,1.0000,1.0000,0.0000,0.0000,0,0.0,0,0.000,0.0000,0.0000,0.82,
193,M1,D2,light,0,Australia/Lord_Howe,2027-03-15,true,0.95,0.955,true,240,20,0,0,0,0,0,0,0,0,0,0,0,0.0,1.0000,0.0,0.0,1.0000,1.0000,0.0000,0.0000,0,0.0,0,0.000,0.0000,0.0000,1.97,
193,M2,D2,light,0,Australia/Lord_Howe,2027-03-15,true,0.95,0.955,true,240,20,0,0,0,0,0,0,0,0,0,0,0,0.0,1.0000,0.0,0.0,1.0000,0.9709,0.0291,0.0000,0,10.0,0,0.150,0.0000,0.0000,3.19,
193,M3,D2,light,0,Australia/Lord_Howe,2027-03-15,true,0.95,0.955,true,240,20,0,0,0,0,0,0,0,0,0,0,0,0.0,1.0000,0.0,0.0,1.0000,0.0097,0.7961,0.1942,8,66150.0,38,36.286,0.0081,0.0000,1.16,
194,M0,D3,medium,180,Pacific/Auckland,2027-02-08,false,1.1,1.101,true,180,20,0,0,0,0,0,0,0,0,0,0,0,0.0,0.9521,380.0,180.0,0.8421,0.9398,0.0000,0.0602,0,0.0,0,15.588,0.0955,0.1429,0.63,
194,M1,D3,medium,180,Pacific/Auckland,2027-02-08,false,1.1,1.101,true,180,20,0,0,0,0,0,0,0,0,0,0,0,0.0,0.9521,380.0,180.0,0.8421,0.9398,0.0000,0.0602,0,0.0,0,15.588,0.0955,0.1429,1.61,
194,M2,D3,medium,180,Pacific/Auckland,2027-02-08,false,1.1,1.101,true,180,20,0,0,0,0,0,0,0,0,0,0,0,0.0,0.9653,275.0,125.0,0.8947,0.2410,0.6627,0.0964,3,84815.0,49,40.848,0.1036,0.1429,2.48,
194,M3,D3,medium,180,Pacific/Auckland,2027-02-08,false,1.1,1.101,true,180,20,0,0,0,0,0,0,0,0,0,0,0,0.0,0.9836,130.0,130.0,0.9474,0.0602,0.7952,0.1446,7,104800.0,53,40.133,0.0025,0.0000,0.93,
195,M0,D4,light,0,Pacific/Auckland,2026-11-02,false,0.5,0.638,false,120,6,0,0,0,0,0,0,0,0,0,0,0,0.0,1.0000,0.0,0.0,1.0000,1.0000,0.0000,0.0000,0,0.0,0,0.000,0.0684,0.0000,0.59,
195,M1,D4,light,0,Pacific/Auckland,2026-11-02,false,0.5,0.638,false,120,6,0,0,0,0,0,0,0,0,0,0,0,0.0,1.0000,0.0,0.0,1.0000,1.0000,0.0000,0.0000,0,0.0,0,0.000,0.0684,0.0000,1.46,
195,M2,D4,light,0,Pacific/Auckland,2026-11-02,false,0.5,0.638,false,120,6,0,0,0,0,0,0,0,0,0,0,0,0.0,1.0000,0.0,0.0,1.0000,1.0000,0.0000,0.0000,0,0.0,0,0.000,0.0684,0.0000,1.60,
195,M3,D4,light,0,Pacific/Auckland,2026-11-02,false,0.5,0.638,false,120,6,0,0,0,0,0,0,0,0,0,0,0,0.0,1.0000,0.0,0.0,1.0000,0.0000,1.0000,0.0000,11,238430.0,19,11.051,0.0943,0.0000,0.91,
196,M0,D5,medium,60,Australia/Darwin,2027-02-08,false,0.7,0.696,false,90,7,0,0,0,0,0,0,0,0,0,0,0,0.0,0.8333,120.0,60.0,0.8571,1.0000,0.0000,0.0000,0,0.0,0,0.000,0.0302,0.0000,0.47,
196,M1,D5,medium,60,Australia/Darwin,2027-02-08,false,0.7,0.696,false,90,7,0,0,0,0,0,0,0,0,0,0,0,0.0,1.0000,0.0,0.0,1.0000,1.0000,0.0000,0.0000,1,0.0,0,0.200,0.0274,0.0000,1.23,
196,M2,D5,medium,60,Australia/Darwin,2027-02-08,false,0.7,0.696,false,90,7,0,0,0,0,0,0,0,0,0,0,0,0.0,1.0000,0.0,0.0,1.0000,0.7500,0.2222,0.0278,1,8380.0,6,11.389,0.0274,0.0000,1.11,
196,M3,D5,medium,60,Australia/Darwin,2027-02-08,false,0.7,0.696,false,90,7,0,0,0,0,0,0,0,0,0,0,0,0.0,1.0000,0.0,0.0,1.0000,0.0000,0.7778,0.2222,5,174010.0,22,16.999,0.0277,0.0000,0.76,
197,M0,D6,heavy,355,Australia/Melbourne,2026-10-19,false,0.85,0.853,true,120,14,0,0,0,0,0,0,0,0,0,0,0,0.0,0.7845,695.0,355.0,0.4286,0.8000,0.0000,0.2000,0,0.0,0,13.019,0.1537,0.0000,0.64,
197,M1,D6,heavy,355,Australia/Melbourne,2026-10-19,false,0.85,0.853,true,120,14,0,0,0,0,0,0,0,0,0,0,0,0.0,0.9829,55.0,55.0,0.9286,0.8000,0.1750,0.0250,2,20465.0,6,10.422,0.1077,0.0000,1.51,
197,M2,D6,heavy,355,Australia/Melbourne,2026-10-19,false,0.85,0.853,true,120,14,0,0,0,0,0,0,0,0,0,0,0,0.0,1.0000,0.0,0.0,1.0000,0.2500,0.7000,0.0500,0,42240.0,28,21.268,0.1442,0.0000,1.98,
197,M3,D6,heavy,355,Australia/Melbourne,2026-10-19,false,0.85,0.853,true,120,14,0,0,0,0,0,0,0,0,0,0,0,0.0,1.0000,0.0,0.0,1.0000,0.0000,0.8000,0.2000,18,59525.0,24,23.734,0.0446,0.0000,0.94,
198,M0,D1,light,30,America/Los_Angeles,2026-10-12,true,0.95,0.952,false,90,8,2,0,0,0,0,0,0,0,0,0,0,0.0,0.8966,90.0,30.0,0.8333,0.9333,0.0000,0.0667,0,0.0,0,0.544,0.0619,0.0000,0.70,
198,M1,D1,light,30,America/Los_Angeles,2026-10-12,true,0.95,0.952,false,90,8,2,0,0,0,0,0,0,0,0,0,0,0.0,1.0000,0.0,0.0,1.0000,0.9333,0.0000,0.0667,1,0.0,0,1.544,0.0464,0.0000,1.71,
198,M2,D1,light,30,America/Los_Angeles,2026-10-12,true,0.95,0.952,false,90,8,2,2,2,0,0,0,0,0,0,0,0,45.0,1.0000,0.0,0.0,1.0000,1.0000,0.0000,0.0000,1,0.0,0,1.000,0.0034,0.0000,2.02,2026-11-01 Economics: 30 min over Work shift
198,M3,D1,light,30,America/Los_Angeles,2026-10-12,true,0.95,0.952,false,90,8,2,0,0,0,0,0,0,0,0,0,0,0.0,1.0000,0.0,0.0,1.0000,0.0000,0.8000,0.2000,2,139440.0,16,12.517,0.0241,0.0000,1.01,
199,M0,D2,light,0,Europe/London,2027-02-08,false,1.1,1.092,false,180,20,0,0,0,0,0,0,0,0,0,0,0,0.0,1.0000,0.0,0.0,1.0000,1.0000,0.0000,0.0000,0,0.0,0,0.000,0.0518,0.0000,0.61,
199,M1,D2,light,0,Europe/London,2027-02-08,false,1.1,1.092,false,180,20,0,0,0,0,0,0,0,0,0,0,0,0.0,1.0000,0.0,0.0,1.0000,1.0000,0.0000,0.0000,0,0.0,0,0.000,0.0518,0.0000,1.53,
199,M2,D2,light,0,Europe/London,2027-02-08,false,1.1,1.092,false,180,20,0,0,0,0,0,0,0,0,0,0,0,0.0,1.0000,0.0,0.0,1.0000,1.0000,0.0000,0.0000,0,0.0,0,0.000,0.0518,0.0000,2.40,
199,M3,D2,light,0,Europe/London,2027-02-08,false,1.1,1.092,false,180,20,0,0,0,0,0,0,0,0,0,0,0,0.0,1.0000,0.0,0.0,1.0000,0.0857,0.7238,0.1905,6,77710.0,39,32.767,0.0259,0.0000,0.99,
200,M0,D3,light,45,Australia/Brisbane,2026-11-16,false,0.5,0.503,false,180,7,0,0,0,0,0,0,0,0,0,0,0,0.0,0.9709,45.0,45.0,0.8571,0.9744,0.0000,0.0256,0,0.0,0,3.282,0.0193,0.0000,0.66,
200,M1,D3,light,45,Australia/Brisbane,2026-11-16,false,0.5,0.503,false,180,7,0,0,0,0,0,0,0,0,0,0,0,0.0,1.0000,0.0,0.0,1.0000,0.9744,0.0256,0.0000,0,4830.0,1,2.462,0.0193,0.0000,1.63,
200,M2,D3,light,45,Australia/Brisbane,2026-11-16,false,0.5,0.503,false,180,7,0,0,0,0,0,0,0,0,0,0,0,0.0,1.0000,0.0,0.0,1.0000,0.5897,0.3333,0.0769,0,5190.0,4,11.495,0.0193,0.0000,2.02,
200,M3,D3,light,45,Australia/Brisbane,2026-11-16,false,0.5,0.503,false,180,7,0,0,0,0,0,0,0,0,0,0,0,0.0,1.0000,0.0,0.0,1.0000,0.0000,0.8974,0.1026,7,251165.0,24,20.562,0.0210,0.0000,0.97,
201,M0,D4,medium,180,Australia/Perth,2026-11-02,false,0.7,0.750,false,90,6,0,0,0,0,0,0,0,0,0,0,0,0.0,1.0000,0.0,0.0,1.0000,0.8571,0.0000,0.1429,0,0.0,0,2.116,0.1538,0.2857,0.51,
201,M1,D4,medium,180,Australia/Perth,2026-11-02,false,0.7,0.750,false,90,6,0,0,0,0,0,0,0,0,0,0,0,0.0,1.0000,0.0,0.0,1.0000,0.8571,0.0000,0.1429,0,0.0,0,2.116,0.1538,0.2857,1.29,
201,M2,D4,medium,180,Australia/Perth,2026-11-02,false,0.7,0.750,false,90,6,0,0,0,0,0,0,0,0,0,0,0,0.0,1.0000,0.0,0.0,1.0000,0.7857,0.2143,0.0000,0,540.0,0,0.792,0.0127,0.0000,1.34,
201,M3,D4,medium,180,Australia/Perth,2026-11-02,false,0.7,0.750,false,90,6,0,0,0,0,0,0,0,0,0,0,0,0.0,1.0000,0.0,0.0,1.0000,0.0000,1.0000,0.0000,1,297580.0,32,13.893,0.0127,0.0000,0.82,
202,M0,D5,medium,180,Australia/Sydney,2026-11-02,false,0.85,0.853,false,120,15,0,0,0,0,0,0,0,0,0,0,0,0.0,0.9506,180.0,180.0,0.9333,1.0000,0.0000,0.0000,0,0.0,0,0.000,0.0000,0.0000,0.52,
202,M1,D5,medium,180,Australia/Sydney,2026-11-02,false,0.85,0.853,false,120,15,0,0,0,0,0,0,0,0,0,0,0,0.0,0.9506,180.0,180.0,0.9333,1.0000,0.0000,0.0000,0,0.0,0,0.000,0.0000,0.0000,1.34,
202,M2,D5,medium,180,Australia/Sydney,2026-11-02,false,0.85,0.853,false,120,15,0,0,0,0,0,0,0,0,0,0,0,0.0,1.0000,0.0,0.0,1.0000,0.2745,0.6275,0.0980,7,65100.0,30,16.517,0.0000,0.0000,1.67,
202,M3,D5,medium,180,Australia/Sydney,2026-11-02,false,0.85,0.853,false,120,15,0,0,0,0,0,0,0,0,0,0,0,0.0,1.0000,0.0,0.0,1.0000,0.0588,0.6863,0.2549,9,69030.0,28,22.897,0.0138,0.0000,0.80,
203,M0,D6,medium,120,Australia/Lord_Howe,2027-03-15,true,0.95,0.953,true,240,21,0,0,0,0,0,0,0,0,0,0,0,0.0,0.9703,210.0,120.0,0.9048,1.0000,0.0000,0.0000,0,0.0,0,0.000,0.0712,0.0000,0.66,
203,M1,D6,medium,120,Australia/Lord_Howe,2027-03-15,true,0.95,0.953,true,240,21,0,0,0,0,0,0,0,0,0,0,0,0.0,0.9703,210.0,120.0,0.9048,1.0000,0.0000,0.0000,0,0.0,0,0.000,0.0712,0.0000,1.68,
203,M2,D6,medium,120,Australia/Lord_Howe,2027-03-15,true,0.95,0.953,true,240,21,0,0,0,0,0,0,0,0,0,0,0,0.0,1.0000,0.0,0.0,1.0000,0.4094,0.5772,0.0134,5,98710.0,49,43.526,0.0712,0.0000,3.03,
203,M3,D6,medium,120,Australia/Lord_Howe,2027-03-15,true,0.95,0.953,true,240,21,0,0,0,0,0,0,0,0,0,0,0,0.0,1.0000,0.0,0.0,1.0000,0.0738,0.7584,0.1678,9,200145.0,82,73.617,0.0196,0.0000,0.99,
204,M0,D1,light,35,Australia/Hobart,2026-11-02,false,1.1,1.101,false,90,7,0,0,0,0,0,0,0,0,0,0,0,0.0,0.9605,70.0,35.0,0.8571,1.0000,0.0000,0.0000,0,0.0,0,0.000,0.0850,0.0000,0.69,
204,M1,D1,light,35,Australia/Hobart,2026-11-02,false,1.1,1.101,false,90,7,0,0,0,0,0,0,0,0,0,0,0,0.0,0.9605,70.0,35.0,0.8571,1.0000,0.0000,0.0000,0,0.0,0,0.000,0.0850,0.0000,1.78,
204,M2,D1,light,35,Australia/Hobart,2026-11-02,false,1.1,1.101,false,90,7,0,0,0,0,0,0,0,0,0,0,0,0.0,1.0000,0.0,0.0,1.0000,0.5385,0.4038,0.0577,1,18385.0,12,7.174,0.0987,0.0000,2.05,
204,M3,D1,light,35,Australia/Hobart,2026-11-02,false,1.1,1.101,false,90,7,0,0,0,0,0,0,0,0,0,0,0,0.0,1.0000,0.0,0.0,1.0000,0.0000,0.7692,0.2308,7,71135.0,20,17.772,0.0341,0.0000,1.01,
205,M0,D2,light,0,Australia/Melbourne,2026-11-16,false,0.5,0.560,false,90,6,0,0,0,0,0,0,0,0,0,0,0,0.0,1.0000,0.0,0.0,1.0000,1.0000,0.0000,0.0000,0,0.0,0,0.000,0.1036,0.0000,0.71,
205,M1,D2,light,0,Australia/Melbourne,2026-11-16,false,0.5,0.560,false,90,6,0,0,0,0,0,0,0,0,0,0,0,0.0,1.0000,0.0,0.0,1.0000,1.0000,0.0000,0.0000,0,0.0,0,0.000,0.1036,0.0000,1.76,
205,M2,D2,light,0,Australia/Melbourne,2026-11-16,false,0.5,0.560,false,90,6,0,0,0,0,0,0,0,0,0,0,0,0.0,1.0000,0.0,0.0,1.0000,0.9545,0.0455,0.0000,0,2700.0,1,0.828,0.1036,0.0000,2.14,
205,M3,D2,light,0,Australia/Melbourne,2026-11-16,false,0.5,0.560,false,90,6,0,0,0,0,0,0,0,0,0,0,0,0.0,1.0000,0.0,0.0,1.0000,0.0000,0.9091,0.0909,5,195600.0,16,7.223,0.0086,0.0000,1.02,
206,M0,D3,medium,180,Australia/Darwin,2027-05-10,false,0.7,0.696,true,180,13,0,0,0,0,0,0,0,0,0,0,0,0.0,0.8952,385.0,180.0,0.6923,0.7931,0.0000,0.2069,0,0.0,0,22.326,0.0741,0.0000,0.70,
206,M1,D3,medium,180,Australia/Darwin,2027-05-10,false,0.7,0.696,true,180,13,0,0,0,0,0,0,0,0,0,0,0,0.0,1.0000,0.0,0.0,1.0000,0.7931,0.2069,0.0000,0,12590.0,6,16.744,0.0102,0.0000,1.73,
206,M2,D3,medium,180,Australia/Darwin,2027-05-10,false,0.7,0.696,true,180,13,0,0,0,0,0,0,0,0,0,0,0,0.0,1.0000,0.0,0.0,1.0000,0.6897,0.2759,0.0345,0,13300.0,8,22.050,0.0102,0.0000,2.16,
206,M3,D3,medium,180,Australia/Darwin,2027-05-10,false,0.7,0.696,true,180,13,0,0,0,0,0,0,0,0,0,0,0,0.0,1.0000,0.0,0.0,1.0000,0.0000,0.9655,0.0345,10,200980.0,27,29.670,0.0660,0.0000,1.02,
207,M0,D4,medium,80,Australia/Sydney,2027-05-10,false,0.85,0.848,false,180,20,0,0,0,0,0,0,0,0,0,0,0,0.0,0.9355,205.0,80.0,0.8462,0.9615,0.0000,0.0385,0,0.0,0,1.189,0.0000,0.0000,0.78,
207,M1,D4,medium,80,Australia/Sydney,2027-05-10,false,0.85,0.848,false,180,20,0,0,0,0,0,0,0,0,0,0,0,0.0,1.0000,0.0,0.0,1.0000,0.9615,0.0385,0.0000,0,600.0,0,0.594,0.0000,0.0000,1.83,
207,M2,D4,medium,80,Australia/Sydney,2027-05-10,false,0.85,0.848,false,180,20,0,0,0,0,0,0,0,0,0,0,0,0.0,1.0000,0.0,0.0,1.0000,0.8462,0.1538,0.0000,0,460.0,0,1.194,0.0000,0.0000,2.36,
207,M3,D4,medium,80,Australia/Sydney,2027-05-10,false,0.85,0.848,false,180,20,0,0,0,0,0,0,0,0,0,0,0,0.0,1.0000,0.0,0.0,1.0000,0.0385,0.6154,0.3462,1,24165.0,10,19.759,0.0119,0.0000,1.04,
208,M0,D5,heavy,240,Australia/Melbourne,2027-02-08,false,0.95,0.949,false,240,21,0,0,0,0,0,0,0,0,0,0,0,0.0,0.9232,720.0,240.0,0.9500,1.0000,0.0000,0.0000,0,0.0,0,0.000,0.0181,0.0000,0.62,
208,M1,D5,heavy,240,Australia/Melbourne,2027-02-08,false,0.95,0.949,false,240,21,0,0,0,0,0,0,0,0,0,0,0,0.0,0.9232,720.0,240.0,0.9500,1.0000,0.0000,0.0000,0,0.0,0,0.000,0.0181,0.0000,1.56,
208,M2,D5,heavy,240,Australia/Melbourne,2027-02-08,false,0.95,0.949,false,240,21,0,0,0,0,0,0,0,0,0,0,0,0.0,1.0000,0.0,0.0,1.0000,0.3143,0.6643,0.0214,8,135025.0,79,52.719,0.0181,0.0000,2.85,
208,M3,D5,heavy,240,Australia/Melbourne,2027-02-08,false,0.95,0.949,false,240,21,0,0,0,0,0,0,0,0,0,0,0,0.0,1.0000,0.0,0.0,1.0000,0.1214,0.7214,0.1571,11,207505.0,90,64.888,0.0117,0.0000,0.94,
209,M0,D6,medium,120,Australia/Sydney,2027-05-10,false,1.1,1.102,true,210,21,0,0,0,0,0,0,0,0,0,0,0,0.0,0.9634,360.0,120.0,0.9524,1.0000,0.0000,0.0000,0,0.0,0,0.000,0.0000,0.0000,0.52,
209,M1,D6,medium,120,Australia/Sydney,2027-05-10,false,1.1,1.102,true,210,21,0,0,0,0,0,0,0,0,0,0,0,0.0,0.9634,360.0,120.0,0.9524,1.0000,0.0000,0.0000,0,0.0,0,0.000,0.0000,0.0000,1.38,
209,M2,D6,medium,120,Australia/Sydney,2027-05-10,false,1.1,1.102,true,210,21,0,0,0,0,0,0,0,0,0,0,0,0.0,1.0000,0.0,0.0,1.0000,0.2990,0.6701,0.0309,5,50540.0,25,14.583,0.0000,0.0000,2.22,
209,M3,D6,medium,120,Australia/Sydney,2027-05-10,false,1.1,1.102,true,210,21,0,0,0,0,0,0,0,0,0,0,0,0.0,1.0000,0.0,0.0,1.0000,0.0309,0.8454,0.1237,17,70840.0,45,41.721,0.0000,0.0000,0.84,
210,M0,D1,light,45,America/Los_Angeles,2026-09-21,false,0.5,0.498,false,240,8,0,0,0,0,0,0,0,0,0,0,0,0.0,0.9512,90.0,45.0,0.8571,1.0000,0.0000,0.0000,0,0.0,0,0.000,0.0000,0.0000,0.58,
210,M1,D1,light,45,America/Los_Angeles,2026-09-21,false,0.5,0.498,false,240,8,0,0,0,0,0,0,0,0,0,0,0,0.0,1.0000,0.0,0.0,1.0000,1.0000,0.0000,0.0000,1,0.0,0,1.000,0.0000,0.0000,1.55,
210,M2,D1,light,45,America/Los_Angeles,2026-09-21,false,0.5,0.498,false,240,8,0,0,0,0,0,0,0,0,0,0,0,0.0,1.0000,0.0,0.0,1.0000,0.8667,0.1111,0.0222,1,2845.0,1,2.865,0.0000,0.0000,1.41,
210,M3,D1,light,45,America/Los_Angeles,2026-09-21,false,0.5,0.498,false,240,8,0,0,0,0,0,0,0,0,0,0,0,0.0,1.0000,0.0,0.0,1.0000,0.0000,0.8889,0.1111,2,339490.0,25,14.899,0.0407,0.0000,0.89,
211,M0,D2,light,0,Australia/Melbourne,2026-11-16,false,0.7,0.696,false,150,12,0,0,0,0,0,0,0,0,0,0,0,0.0,1.0000,0.0,0.0,1.0000,1.0000,0.0000,0.0000,0,0.0,0,0.000,0.0896,0.0000,0.64,
211,M1,D2,light,0,Australia/Melbourne,2026-11-16,false,0.7,0.696,false,150,12,0,0,0,0,0,0,0,0,0,0,0,0.0,1.0000,0.0,0.0,1.0000,1.0000,0.0000,0.0000,0,0.0,0,0.000,0.0896,0.0000,1.58,
211,M2,D2,light,0,Australia/Melbourne,2026-11-16,false,0.7,0.696,false,150,12,0,0,0,0,0,0,0,0,0,0,0,0.0,1.0000,0.0,0.0,1.0000,1.0000,0.0000,0.0000,0,0.0,0,0.000,0.0896,0.0000,2.04,
211,M3,D2,light,0,Australia/Melbourne,2026-11-16,false,0.7,0.696,false,150,12,0,0,0,0,0,0,0,0,0,0,0,0.0,1.0000,0.0,0.0,1.0000,0.0000,0.7200,0.2800,3,134485.0,16,17.056,0.0219,0.0000,0.95,
212,M0,D3,heavy,240,Australia/Perth,2026-11-16,false,0.85,0.853,true,240,20,0,0,0,0,0,0,0,0,0,0,0,0.0,0.9286,420.0,240.0,0.8000,0.9429,0.0000,0.0571,0,0.0,0,25.175,0.0124,0.0000,0.63,
212,M1,D3,heavy,240,Australia/Perth,2026-11-16,false,0.85,0.853,true,240,20,0,0,0,0,0,0,0,0,0,0,0,0.0,0.9286,420.0,240.0,0.8000,0.9429,0.0000,0.0571,0,0.0,0,25.175,0.0124,0.0000,1.60,
212,M2,D3,heavy,240,Australia/Perth,2026-11-16,false,0.85,0.853,true,240,20,0,0,0,0,0,0,0,0,0,0,0,0.0,1.0000,0.0,0.0,1.0000,0.3214,0.6286,0.0500,0,167415.0,82,55.368,0.0000,0.0000,2.79,
212,M3,D3,heavy,240,Australia/Perth,2026-11-16,false,0.85,0.853,true,240,20,0,0,0,0,0,0,0,0,0,0,0,0.0,1.0000,0.0,0.0,1.0000,0.0786,0.7214,0.2000,1,220705.0,83,63.551,0.0088,0.0000,0.91,
213,M0,D4,light,0,Australia/Melbourne,2026-11-16,false,0.95,0.951,true,120,15,2,0,0,0,0,0,0,0,0,0,0,0.0,0.8537,630.0,260.0,0.7333,0.9459,0.0000,0.0541,0,0.0,0,2.092,0.0000,0.0000,0.52,
213,M1,D4,light,0,Australia/Melbourne,2026-11-16,false,0.95,0.951,true,120,15,2,0,0,0,0,0,0,0,0,0,0,0.0,0.9129,375.0,165.0,0.8000,0.9459,0.0541,0.0000,1,140.0,0,0.835,0.0000,0.0000,1.36,
213,M2,D4,light,0,Australia/Melbourne,2026-11-16,false,0.95,0.951,true,120,15,2,2,0,0,0,0,0,2,0,0,0,55.0,0.8537,630.0,260.0,0.7333,0.9189,0.0811,0.0000,0,140.0,0,0.751,0.0000,0.0000,1.56,2026-11-22 t4: ends after due
213,M3,D4,light,0,Australia/Melbourne,2026-11-16,false,0.95,0.951,true,120,15,2,0,0,0,0,0,0,0,0,0,0,0.0,0.9257,320.0,150.0,0.8000,0.0000,0.7838,0.2162,5,45610.0,8,14.444,0.0431,0.0000,0.82,
214,M0,D5,medium,120,Australia/Brisbane,2027-05-10,false,1.1,1.100,false,150,21,0,0,0,0,0,0,0,0,0,0,0,0.0,0.9306,360.0,120.0,0.9500,1.0000,0.0000,0.0000,0,0.0,0,0.000,0.0747,0.0000,0.58,
214,M1,D5,medium,120,Australia/Brisbane,2027-05-10,false,1.1,1.100,false,150,21,0,0,0,0,0,0,0,0,0,0,0,0.0,0.9306,360.0,120.0,0.9500,1.0000,0.0000,0.0000,0,0.0,0,0.000,0.0747,0.0000,1.46,
214,M2,D5,medium,120,Australia/Brisbane,2027-05-10,false,1.1,1.100,false,150,21,0,0,0,0,0,0,0,0,0,0,0,0.0,0.9827,90.0,30.0,0.9500,0.2747,0.6813,0.0440,5,82300.0,49,40.285,0.1216,0.1429,2.38,
214,M3,D5,medium,120,Australia/Brisbane,2027-05-10,false,1.1,1.100,false,150,21,0,0,0,0,0,0,0,0,0,0,0,0.0,1.0000,0.0,0.0,1.0000,0.0769,0.7802,0.1429,11,94175.0,49,39.991,0.0161,0.0000,0.88,
215,M0,D6,light,20,Australia/Melbourne,2027-02-08,false,0.5,0.851,false,90,6,0,0,0,0,0,0,0,0,0,0,0,0.0,0.8730,40.0,20.0,0.8333,1.0000,0.0000,0.0000,0,0.0,0,0.000,0.0515,0.0000,0.78,
215,M1,D6,light,20,Australia/Melbourne,2027-02-08,false,0.5,0.851,false,90,6,0,0,0,0,0,0,0,0,0,0,0,0.0,1.0000,0.0,0.0,1.0000,1.0000,0.0000,0.0000,1,0.0,0,0.938,0.0400,0.0000,1.88,
215,M2,D6,light,20,Australia/Melbourne,2027-02-08,false,0.5,0.851,false,90,6,0,0,0,0,0,0,0,0,0,0,0,0.0,1.0000,0.0,0.0,1.0000,0.8966,0.1034,0.0000,1,2875.0,2,6.871,0.0400,0.0000,2.45,
215,M3,D6,light,20,Australia/Melbourne,2027-02-08,false,0.5,0.851,false,90,6,0,0,0,0,0,0,0,0,0,0,0,0.0,1.0000,0.0,0.0,1.0000,0.0000,0.9310,0.0690,2,291820.0,36,22.139,0.0398,0.0000,1.17,
216,M0,D1,light,30,Australia/Melbourne,2026-11-16,false,0.7,0.756,true,90,6,0,0,0,0,0,0,0,0,0,0,0,0.0,1.0000,0.0,0.0,1.0000,1.0000,0.0000,0.0000,0,0.0,0,0.000,0.0840,0.0000,0.69,
216,M1,D1,light,30,Australia/Melbourne,2026-11-16,false,0.7,0.756,true,90,6,0,0,0,0,0,0,0,0,0,0,0,0.0,1.0000,0.0,0.0,1.0000,1.0000,0.0000,0.0000,0,0.0,0,0.000,0.0840,0.0000,1.67,
216,M2,D1,light,30,Australia/Melbourne,2026-11-16,false,0.7,0.756,true,90,6,0,0,0,0,0,0,0,0,0,0,0,0.0,1.0000,0.0,0.0,1.0000,0.9677,0.0323,0.0000,1,1440.0,1,1.631,0.0700,0.0000,1.89,
216,M3,D1,light,30,Australia/Melbourne,2026-11-16,false,0.7,0.756,true,90,6,0,0,0,0,0,0,0,0,0,0,0,0.0,1.0000,0.0,0.0,1.0000,0.0000,0.9032,0.0968,13,210070.0,22,10.703,0.0765,0.0000,1.00,
217,M0,D2,light,25,Australia/Melbourne,2026-11-16,false,0.85,0.848,false,240,20,0,0,0,0,0,0,0,0,0,0,0,0.0,0.9961,25.0,25.0,0.9500,0.9872,0.0000,0.0128,0,0.0,0,3.254,0.1169,0.0000,0.62,
217,M1,D2,light,25,Australia/Melbourne,2026-11-16,false,0.85,0.848,false,240,20,0,0,0,0,0,0,0,0,0,0,0,0.0,1.0000,0.0,0.0,1.0000,0.9872,0.0128,0.0000,0,375.0,0,1.627,0.1169,0.0000,1.55,
217,M2,D2,light,25,Australia/Melbourne,2026-11-16,false,0.85,0.848,false,240,20,0,0,0,0,0,0,0,0,0,0,0,0.0,1.0000,0.0,0.0,1.0000,0.8333,0.1282,0.0385,2,5825.0,3,13.339,0.1169,0.0000,2.24,
217,M3,D2,light,25,Australia/Melbourne,2026-11-16,false,0.85,0.848,false,240,20,0,0,0,0,0,0,0,0,0,0,0,0.0,1.0000,0.0,0.0,1.0000,0.0256,0.8205,0.1538,24,92040.0,19,26.847,0.0006,0.0000,0.93,
218,M0,D3,light,25,Australia/Sydney,2026-11-16,false,0.95,0.949,false,210,20,0,0,0,0,0,0,0,0,0,0,0,0.0,0.9888,50.0,25.0,0.9333,0.9841,0.0000,0.0159,0,0.0,0,3.892,0.0771,0.0000,0.64,
218,M1,D3,light,25,Australia/Sydney,2026-11-16,false,0.95,0.949,false,210,20,0,0,0,0,0,0,0,0,0,0,0,0.0,0.9888,50.0,25.0,0.9333,0.9841,0.0000,0.0159,0,0.0,0,3.892,0.0771,0.0000,1.62,
218,M2,D3,light,25,Australia/Sydney,2026-11-16,false,0.95,0.949,false,210,20,0,0,0,0,0,0,0,0,0,0,0,0.0,1.0000,0.0,0.0,1.0000,0.4921,0.4762,0.0317,0,12875.0,6,9.519,0.0771,0.0000,2.16,
218,M3,D3,light,25,Australia/Sydney,2026-11-16,false,0.95,0.949,false,210,20,0,0,0,0,0,0,0,0,0,0,0,0.0,1.0000,0.0,0.0,1.0000,0.0159,0.8730,0.1111,7,77160.0,24,23.284,0.0196,0.0000,0.98,
219,M0,D4,heavy,255,Australia/Brisbane,2026-11-02,false,1.1,1.098,false,180,20,0,0,0,0,0,0,0,0,0,0,0,0.0,0.9364,370.0,255.0,0.7059,0.9189,0.0000,0.0811,0,0.0,0,7.999,0.0518,0.0000,0.59,
219,M1,D4,heavy,255,Australia/Brisbane,2026-11-02,false,1.1,1.098,false,180,20,0,0,0,0,0,0,0,0,0,0,0,0.0,1.0000,0.0,0.0,1.0000,0.9189,0.0811,0.0000,2,2235.0,0,4.198,0.0374,0.0000,1.50,
219,M2,D4,heavy,255,Australia/Brisbane,2026-11-02,false,1.1,1.098,false,180,20,0,0,0,0,0,0,0,0,0,0,0,0.0,1.0000,0.0,0.0,1.0000,0.7297,0.2568,0.0135,1,17015.0,4,13.397,0.0374,0.0000,2.22,
219,M3,D4,heavy,255,Australia/Brisbane,2026-11-02,false,1.1,1.098,false,180,20,0,0,0,0,0,0,0,0,0,0,0,0.0,1.0000,0.0,0.0,1.0000,0.0135,0.8514,0.1351,17,52810.0,24,29.299,0.0123,0.0000,0.89,
220,M0,D5,medium,90,Australia/Sydney,2026-11-16,false,0.5,0.500,true,180,8,0,0,0,0,0,0,0,0,0,0,0,0.0,0.8741,270.0,90.0,0.8750,1.0000,0.0000,0.0000,0,0.0,0,0.000,0.0597,0.0000,0.66,
220,M1,D5,medium,90,Australia/Sydney,2026-11-16,false,0.5,0.500,true,180,8,0,0,0,0,0,0,0,0,0,0,0,0.0,1.0000,0.0,0.0,1.0000,1.0000,0.0000,0.0000,4,0.0,0,1.886,0.0597,0.0000,1.66,
220,M2,D5,medium,90,Australia/Sydney,2026-11-16,false,0.5,0.500,true,180,8,0,0,0,0,0,0,0,0,0,0,0,0.0,1.0000,0.0,0.0,1.0000,0.7679,0.1964,0.0357,3,4430.0,3,18.247,0.0597,0.0000,1.97,
220,M3,D5,medium,90,Australia/Sydney,2026-11-16,false,0.5,0.500,true,180,8,0,0,0,0,0,0,0,0,0,0,0,0.0,1.0000,0.0,0.0,1.0000,0.0179,0.7321,0.2500,7,338790.0,31,36.431,0.0504,0.0000,0.96,
221,M0,D6,heavy,200,Australia/Hobart,2026-11-16,false,0.7,0.704,false,210,17,0,0,0,0,0,0,0,0,0,0,0,0.0,0.8833,420.0,200.0,0.7333,0.9346,0.0000,0.0654,0,0.0,0,25.342,0.0558,0.0000,0.72,
221,M1,D6,heavy,200,Australia/Hobart,2026-11-16,false,0.7,0.704,false,210,17,0,0,0,0,0,0,0,0,0,0,0,0.0,0.8958,375.0,155.0,0.7333,0.9346,0.0187,0.0467,0,12365.0,2,23.504,0.0558,0.0000,1.58,
221,M2,D6,heavy,200,Australia/Hobart,2026-11-16,false,0.7,0.704,false,210,17,0,0,0,0,0,0,0,0,0,0,0,0.0,0.9917,30.0,30.0,0.9333,0.4579,0.5327,0.0093,0,74635.0,44,46.229,0.0345,0.0000,2.39,
221,M3,D6,heavy,200,Australia/Hobart,2026-11-16,false,0.7,0.704,false,210,17,0,0,0,0,0,0,0,0,0,0,0,0.0,1.0000,0.0,0.0,1.0000,0.0467,0.7570,0.1963,7,244120.0,59,56.749,0.0246,0.0000,0.94,
222,M0,D1,light,25,Australia/Melbourne,2027-05-10,false,0.85,0.849,false,120,7,0,0,0,0,0,0,0,0,0,0,0,0.0,0.9740,25.0,25.0,0.8000,1.0000,0.0000,0.0000,0,0.0,0,0.000,0.0166,0.0000,0.70,
222,M1,D1,light,25,Australia/Melbourne,2027-05-10,false,0.85,0.849,false,120,7,0,0,0,0,0,0,0,0,0,0,0,0.0,1.0000,0.0,0.0,1.0000,1.0000,0.0000,0.0000,1,0.0,0,1.000,0.0145,0.0000,1.69,
222,M2,D1,light,25,Australia/Melbourne,2027-05-10,false,0.85,0.849,false,120,7,0,0,0,0,0,0,0,0,0,0,0,0.0,1.0000,0.0,0.0,1.0000,1.0000,0.0000,0.0000,1,0.0,0,1.000,0.0145,0.0000,2.01,
222,M3,D1,light,25,Australia/Melbourne,2027-05-10,false,0.85,0.849,false,120,7,0,0,0,0,0,0,0,0,0,0,0,0.0,1.0000,0.0,0.0,1.0000,0.0000,1.0000,0.0000,13,154890.0,20,10.753,0.0507,0.0000,1.05,
223,M0,D2,light,0,Australia/Hobart,2026-11-16,false,0.95,0.942,true,120,15,0,0,0,0,0,0,0,0,0,0,0,0.0,1.0000,0.0,0.0,1.0000,1.0000,0.0000,0.0000,0,0.0,0,0.000,0.0235,0.0000,0.67,
223,M1,D2,light,0,Australia/Hobart,2026-11-16,false,0.95,0.942,true,120,15,0,0,0,0,0,0,0,0,0,0,0,0.0,1.0000,0.0,0.0,1.0000,1.0000,0.0000,0.0000,0,0.0,0,0.000,0.0235,0.0000,1.64,
223,M2,D2,light,0,Australia/Hobart,2026-11-16,false,0.95,0.942,true,120,15,0,0,0,0,0,0,0,0,0,0,0,0.0,1.0000,0.0,0.0,1.0000,1.0000,0.0000,0.0000,0,0.0,0,0.000,0.0235,0.0000,2.26,
223,M3,D2,light,0,Australia/Hobart,2026-11-16,false,0.95,0.942,true,120,15,0,0,0,0,0,0,0,0,0,0,0,0.0,1.0000,0.0,0.0,1.0000,0.0000,0.8372,0.1628,11,66685.0,18,20.610,0.0511,0.0000,0.95,
224,M0,D3,light,0,Australia/Sydney,2026-11-02,false,1.1,1.096,false,150,20,0,0,0,0,0,0,0,0,0,0,0,0.0,1.0000,0.0,0.0,1.0000,1.0000,0.0000,0.0000,0,0.0,0,0.000,0.0000,0.0000,0.63,
224,M1,D3,light,0,Australia/Sydney,2026-11-02,false,1.1,1.096,false,150,20,0,0,0,0,0,0,0,0,0,0,0,0.0,1.0000,0.0,0.0,1.0000,1.0000,0.0000,0.0000,0,0.0,0,0.000,0.0000,0.0000,1.59,
224,M2,D3,light,0,Australia/Sydney,2026-11-02,false,1.1,1.096,false,150,20,0,0,0,0,0,0,0,0,0,0,0,0.0,1.0000,0.0,0.0,1.0000,1.0000,0.0000,0.0000,0,0.0,0,0.000,0.0000,0.0000,2.48,
224,M3,D3,light,0,Australia/Sydney,2026-11-02,false,1.1,1.096,false,150,20,0,0,0,0,0,0,0,0,0,0,0,0.0,1.0000,0.0,0.0,1.0000,0.0000,0.8472,0.1528,5,41345.0,23,26.700,0.0146,0.0000,0.93,
225,M0,D4,light,0,Australia/Sydney,2026-11-16,false,0.5,0.500,true,150,6,0,0,0,0,0,0,0,0,0,0,0,0.0,1.0000,0.0,0.0,1.0000,1.0000,0.0000,0.0000,0,0.0,0,0.000,0.0000,0.0000,0.77,
225,M1,D4,light,0,Australia/Sydney,2026-11-16,false,0.5,0.500,true,150,6,0,0,0,0,0,0,0,0,0,0,0,0.0,1.0000,0.0,0.0,1.0000,1.0000,0.0000,0.0000,0,0.0,0,0.000,0.0000,0.0000,1.81,
225,M2,D4,light,0,Australia/Sydney,2026-11-16,false,0.5,0.500,true,150,6,0,0,0,0,0,0,0,0,0,0,0,0.0,1.0000,0.0,0.0,1.0000,0.7500,0.2500,0.0000,1,2625.0,2,2.193,0.0000,0.0000,2.33,
225,M3,D4,light,0,Australia/Sydney,2026-11-16,false,0.5,0.500,true,150,6,0,0,0,0,0,0,0,0,0,0,0,0.0,1.0000,0.0,0.0,1.0000,0.0500,0.6833,0.2667,1,261545.0,25,23.097,0.0653,0.0000,1.04,
226,M0,D5,heavy,210,Australia/Hobart,2026-10-12,false,0.7,0.705,false,120,9,0,0,0,0,0,0,0,0,0,0,0,0.0,0.7042,630.0,210.0,0.8750,1.0000,0.0000,0.0000,0,0.0,0,0.000,0.0000,0.0000,0.73,
226,M1,D5,heavy,210,Australia/Hobart,2026-10-12,false,0.7,0.705,false,120,9,0,0,0,0,0,0,0,0,0,0,0,0.0,1.0000,0.0,0.0,1.0000,1.0000,0.0000,0.0000,6,0.0,0,3.003,0.0000,0.0000,1.74,
226,M2,D5,heavy,210,Australia/Hobart,2026-10-12,false,0.7,0.705,false,120,9,0,0,0,0,0,0,0,0,0,0,0,0.0,1.0000,0.0,0.0,1.0000,0.6000,0.3500,0.0500,6,4405.0,3,10.223,0.0000,0.0000,2.02,
226,M3,D5,heavy,210,Australia/Hobart,2026-10-12,false,0.7,0.705,false,120,9,0,0,0,0,0,0,0,0,0,0,0,0.0,1.0000,0.0,0.0,1.0000,0.0000,0.8500,0.1500,10,130995.0,13,16.642,0.0461,0.0000,1.05,
227,M0,D6,heavy,260,Australia/Darwin,2027-05-10,false,0.85,0.853,false,240,20,0,0,0,0,0,0,0,0,0,0,0,0.0,0.9284,350.0,260.0,0.8000,0.9456,0.0000,0.0544,0,0.0,0,28.031,0.0000,0.0000,0.65,
227,M1,D6,heavy,260,Australia/Darwin,2027-05-10,false,0.85,0.853,false,240,20,0,0,0,0,0,0,0,0,0,0,0,0.0,0.9284,350.0,260.0,0.8000,0.9456,0.0000,0.0544,0,0.0,0,28.031,0.0000,0.0000,1.65,
227,M2,D6,heavy,260,Australia/Darwin,2027-05-10,false,0.85,0.853,false,240,20,0,0,0,0,0,0,0,0,0,0,0,0.0,0.9826,85.0,85.0,0.9000,0.3741,0.5782,0.0476,1,104490.0,53,56.296,0.0000,0.0000,2.77,
227,M3,D6,heavy,260,Australia/Darwin,2027-05-10,false,0.85,0.853,false,240,20,0,0,0,0,0,0,0,0,0,0,0,0.0,1.0000,0.0,0.0,1.0000,0.0476,0.6939,0.2585,3,170345.0,88,73.379,0.0142,0.0000,0.93,
228,M0,D1,light,55,America/Los_Angeles,2026-11-02,false,0.95,0.950,true,150,17,0,0,0,0,0,0,0,0,0,0,0,0.0,0.9665,165.0,55.0,0.9412,1.0000,0.0000,0.0000,0,0.0,0,0.000,0.0527,0.0000,0.73,
228,M1,D1,light,55,America/Los_Angeles,2026-11-02,false,0.95,0.950,true,150,17,0,0,0,0,0,0,0,0,0,0,0,0.0,1.0000,0.0,0.0,1.0000,1.0000,0.0000,0.0000,1,0.0,0,0.920,0.0527,0.0000,1.82,
228,M2,D1,light,55,America/Los_Angeles,2026-11-02,false,0.95,0.950,true,150,17,0,0,0,0,0,0,0,0,0,0,0,0.0,0.9817,90.0,45.0,0.9412,0.9483,0.0345,0.0172,0,140.0,0,5.938,0.0527,0.0000,2.42,
228,M3,D1,light,55,America/Los_Angeles,2026-11-02,false,0.95,0.950,true,150,17,0,0,0,0,0,0,0,0,0,0,0,0.0,1.0000,0.0,0.0,1.0000,0.0000,0.7586,0.2414,7,85865.0,15,24.364,0.0286,0.0000,1.05,
229,M0,D2,light,50,Australia/Adelaide,2026-11-02,false,1.1,1.085,true,240,20,0,0,0,0,0,0,0,0,0,0,0,0.0,0.9900,100.0,50.0,0.9500,0.9915,0.0000,0.0085,0,0.0,0,1.196,0.0679,0.0000,0.57,
229,M1,D2,light,50,Australia/Adelaide,2026-11-02,false,1.1,1.085,true,240,20,0,0,0,0,0,0,0,0,0,0,0,0.0,1.0000,0.0,0.0,1.0000,0.9915,0.0085,0.0000,0,510.0,0,0.598,0.0679,0.0000,1.49,
229,M2,D2,light,50,Australia/Adelaide,2026-11-02,false,1.1,1.085,true,240,20,0,0,0,0,0,0,0,0,0,0,0,0.0,1.0000,0.0,0.0,1.0000,0.9576,0.0424,0.0000,0,300.0,0,1.457,0.0679,0.0000,2.53,
229,M3,D2,light,50,Australia/Adelaide,2026-11-02,false,1.1,1.085,true,240,20,0,0,0,0,0,0,0,0,0,0,0,0.0,1.0000,0.0,0.0,1.0000,0.0593,0.8051,0.1356,9,88040.0,45,31.149,0.0048,0.0000,0.89,
230,M0,D3,medium,100,Australia/Brisbane,2026-10-19,false,0.5,0.500,false,210,7,0,0,0,0,0,0,0,0,0,0,0,0.0,1.0000,0.0,0.0,1.0000,0.9322,0.0000,0.0678,0,0.0,0,15.215,0.0462,0.0000,0.63,
230,M1,D3,medium,100,Australia/Brisbane,2026-10-19,false,0.5,0.500,false,210,7,0,0,0,0,0,0,0,0,0,0,0,0.0,1.0000,0.0,0.0,1.0000,0.9322,0.0000,0.0678,0,0.0,0,15.215,0.0462,0.0000,1.59,
230,M2,D3,medium,100,Australia/Brisbane,2026-10-19,false,0.5,0.500,false,210,7,0,0,0,0,0,0,0,0,0,0,0,0.0,1.0000,0.0,0.0,1.0000,0.7627,0.2373,0.0000,0,8325.0,6,14.421,0.0092,0.0000,1.89,
230,M3,D3,medium,100,Australia/Brisbane,2026-10-19,false,0.5,0.500,false,210,7,0,0,0,0,0,0,0,0,0,0,0,0.0,1.0000,0.0,0.0,1.0000,0.0000,0.9322,0.0678,0,437925.0,35,24.116,0.0134,0.0000,0.95,
231,M0,D4,heavy,270,America/Los_Angeles,2027-03-15,false,0.7,0.702,false,90,6,0,0,0,0,0,0,0,0,0,0,0,0.0,1.0000,0.0,0.0,1.0000,0.7778,0.0000,0.2222,0,0.0,0,2.342,0.2476,0.1667,0.67,
231,M1,D4,heavy,270,America/Los_Angeles,2027-03-15,false,0.7,0.702,false,90,6,0,0,0,0,0,0,0,0,0,0,0,0.0,1.0000,0.0,0.0,1.0000,0.7778,0.0000,0.2222,0,0.0,0,2.342,0.2476,0.1667,1.69,
231,M2,D4,heavy,270,America/Los_Angeles,2027-03-15,false,0.7,0.702,false,90,6,0,0,0,0,0,0,0,0,0,0,0,0.0,1.0000,0.0,0.0,1.0000,0.7778,0.2222,0.0000,0,1080.0,0,1.171,0.0000,0.0000,1.82,
231,M3,D4,heavy,270,America/Los_Angeles,2027-03-15,false,0.7,0.702,false,90,6,0,0,0,0,0,0,0,0,0,0,0,0.0,1.0000,0.0,0.0,1.0000,0.0000,0.8148,0.1852,4,150380.0,15,9.091,0.0143,0.0000,1.08,
232,M0,D5,medium,60,America/Los_Angeles,2026-09-21,false,0.85,0.853,true,240,21,0,0,0,0,0,0,0,0,0,0,0,0.0,0.9745,180.0,60.0,0.9524,1.0000,0.0000,0.0000,0,0.0,0,0.000,0.0347,0.0000,0.79,
232,M1,D5,medium,60,America/Los_Angeles,2026-09-21,false,0.85,0.853,true,240,21,0,0,0,0,0,0,0,0,0,0,0,0.0,0.9745,180.0,60.0,0.9524,1.0000,0.0000,0.0000,0,0.0,0,0.000,0.0347,0.0000,1.91,
232,M2,D5,medium,60,America/Los_Angeles,2026-09-21,false,0.85,0.853,true,240,21,0,0,0,0,0,0,0,0,0,0,0,0.0,1.0000,0.0,0.0,1.0000,0.4810,0.4810,0.0380,4,19590.0,10,11.503,0.0000,0.0000,2.95,
232,M3,D5,medium,60,America/Los_Angeles,2026-09-21,false,0.85,0.853,true,240,21,0,0,0,0,0,0,0,0,0,0,0,0.0,1.0000,0.0,0.0,1.0000,0.0506,0.7215,0.2278,9,114335.0,28,32.922,0.0072,0.0000,1.11,
233,M0,D6,light,50,Australia/Brisbane,2026-10-19,false,0.95,0.946,false,120,15,0,0,0,0,0,0,0,0,0,0,0,0.0,0.9679,120.0,40.0,0.9333,1.0000,0.0000,0.0000,0,0.0,0,0.000,0.1050,0.0000,0.65,
233,M1,D6,light,50,Australia/Brisbane,2026-10-19,false,0.95,0.946,false,120,15,0,0,0,0,0,0,0,0,0,0,0,0.0,0.9679,120.0,40.0,0.9333,1.0000,0.0000,0.0000,0,0.0,0,0.000,0.1050,0.0000,1.61,
233,M2,D6,light,50,Australia/Brisbane,2026-10-19,false,0.95,0.946,false,120,15,0,0,0,0,0,0,0,0,0,0,0,0.0,1.0000,0.0,0.0,1.0000,0.4884,0.4186,0.0930,2,14435.0,6,9.281,0.1050,0.0000,2.17,
233,M3,D6,light,50,Australia/Brisbane,2026-10-19,false,0.95,0.946,false,120,15,0,0,0,0,0,0,0,0,0,0,0,0.0,1.0000,0.0,0.0,1.0000,0.0000,0.8372,0.1628,8,46060.0,18,17.932,0.0061,0.0000,0.94,
234,M0,D1,light,15,Australia/Brisbane,2026-11-02,false,1.1,1.102,true,210,20,1,0,0,0,0,0,0,0,0,0,0,0.0,0.9297,705.0,310.0,0.7500,0.9889,0.0000,0.0111,0,0.0,0,0.605,0.0000,0.0000,0.53,
234,M1,D1,light,15,Australia/Brisbane,2026-11-02,false,1.1,1.102,true,210,20,1,0,0,0,0,0,0,0,0,0,0,0.0,0.9362,640.0,275.0,0.8500,0.9889,0.0111,0.0000,1,100.0,0,1.184,0.0000,0.0000,1.36,
234,M2,D1,light,15,Australia/Brisbane,2026-11-02,false,1.1,1.102,true,210,20,1,2,0,0,0,1,0,1,0,0,0,20.0,0.9342,660.0,295.0,0.8000,0.9889,0.0111,0.0000,1,15.0,0,1.210,0.0000,0.0000,1.97,2026-11-10 t2: ends after due
234,M3,D1,light,15,Australia/Brisbane,2026-11-02,false,1.1,1.102,true,210,20,1,0,0,0,0,0,0,0,0,0,0,0.0,0.9432,570.0,285.0,0.9000,0.0444,0.7444,0.2111,8,50225.0,20,24.995,0.0024,0.0000,0.85,
235,M0,D2,medium,85,Australia/Brisbane,2027-05-10,false,0.5,0.500,false,210,7,0,0,0,0,0,0,0,0,0,0,0,0.0,0.9365,120.0,40.0,0.8571,0.9545,0.0000,0.0455,0,0.0,0,3.434,0.0561,0.0000,0.57,
235,M1,D2,medium,85,Australia/Brisbane,2027-05-10,false,0.5,0.500,false,210,7,0,0,0,0,0,0,0,0,0,0,0,0.0,1.0000,0.0,0.0,1.0000,0.9545,0.0227,0.0227,1,465.0,0,3.569,0.0561,0.0000,1.44,
235,M2,D2,medium,85,Australia/Brisbane,2027-05-10,false,0.5,0.500,false,210,7,0,0,0,0,0,0,0,0,0,0,0,0.0,1.0000,0.0,0.0,1.0000,0.9318,0.0682,0.0000,0,1770.0,1,2.661,0.0561,0.0000,1.70,
235,M3,D2,medium,85,Australia/Brisbane,2027-05-10,false,0.5,0.500,false,210,7,0,0,0,0,0,0,0,0,0,0,0,0.0,0.9974,5.0,5.0,0.8571,0.0000,0.9773,0.0227,7,448335.0,27,16.719,0.0072,0.0000,0.86,
236,M0,D3,light,0,Australia/Melbourne,2027-02-08,false,0.7,0.701,true,120,6,0,0,0,0,0,0,0,0,0,0,0,0.0,1.0000,0.0,0.0,1.0000,1.0000,0.0000,0.0000,0,0.0,0,0.000,0.0494,0.0000,0.69,
236,M1,D3,light,0,Australia/Melbourne,2027-02-08,false,0.7,0.701,true,120,6,0,0,0,0,0,0,0,0,0,0,0,0.0,1.0000,0.0,0.0,1.0000,1.0000,0.0000,0.0000,0,0.0,0,0.000,0.0494,0.0000,1.69,
236,M2,D3,light,0,Australia/Melbourne,2027-02-08,false,0.7,0.701,true,120,6,0,0,0,0,0,0,0,0,0,0,0,0.0,1.0000,0.0,0.0,1.0000,1.0000,0.0000,0.0000,0,0.0,0,0.000,0.0494,0.0000,2.08,
236,M3,D3,light,0,Australia/Melbourne,2027-02-08,false,0.7,0.701,true,120,6,0,0,0,0,0,0,0,0,0,0,0,0.0,1.0000,0.0,0.0,1.0000,0.0000,0.9697,0.0303,14,226490.0,24,15.539,0.0442,0.0000,1.00,
237,M0,D4,medium,70,Australia/Darwin,2026-11-16,false,0.85,0.845,true,180,20,0,0,0,0,0,0,0,0,0,0,0,0.0,0.9775,120.0,70.0,0.8500,0.9647,0.0000,0.0353,0,0.0,0,2.826,0.0974,0.0000,0.67,
237,M1,D4,medium,70,Australia/Darwin,2026-11-16,false,0.85,0.845,true,180,20,0,0,0,0,0,0,0,0,0,0,0,0.0,1.0000,0.0,0.0,1.0000,0.9647,0.0353,0.0000,0,2315.0,0,1.413,0.0974,0.0000,1.68,
237,M2,D4,medium,70,Australia/Darwin,2026-11-16,false,0.85,0.845,true,180,20,0,0,0,0,0,0,0,0,0,0,0,0.0,1.0000,0.0,0.0,1.0000,0.4118,0.5882,0.0000,2,16520.0,3,18.678,0.0974,0.0000,2.62,
237,M3,D4,medium,70,Australia/Darwin,2026-11-16,false,0.85,0.845,true,180,20,0,0,0,0,0,0,0,0,0,0,0,0.0,1.0000,0.0,0.0,1.0000,0.0118,0.8235,0.1647,10,148565.0,40,43.775,0.0091,0.0000,1.00,
238,M0,D5,medium,60,Europe/London,2026-11-16,false,0.95,0.946,true,240,21,0,0,0,0,0,0,0,0,0,0,0,0.0,0.9696,240.0,105.0,0.8421,1.0000,0.0000,0.0000,0,0.0,0,0.000,0.0358,0.0000,0.70,
238,M1,D5,medium,60,Europe/London,2026-11-16,false,0.95,0.946,true,240,21,0,0,0,0,0,0,0,0,0,0,0,0.0,0.9696,240.0,105.0,0.8421,1.0000,0.0000,0.0000,0,0.0,0,0.000,0.0358,0.0000,1.75,
238,M2,D5,medium,60,Europe/London,2026-11-16,false,0.95,0.946,true,240,21,0,0,0,0,0,0,0,0,0,0,0,0.0,0.9905,75.0,60.0,0.8947,0.6857,0.3048,0.0095,2,31875.0,11,13.332,0.0358,0.0000,2.58,
238,M3,D5,medium,60,Europe/London,2026-11-16,false,0.95,0.946,true,240,21,0,0,0,0,0,0,0,0,0,0,0,0.0,1.0000,0.0,0.0,1.0000,0.0762,0.7333,0.1905,10,139385.0,49,45.346,0.0016,0.0000,1.06,
239,M0,D6,light,25,Australia/Sydney,2026-11-16,false,1.1,1.101,true,90,13,0,0,0,0,0,0,0,0,0,0,0,0.0,0.9486,195.0,85.0,0.8462,1.0000,0.0000,0.0000,0,0.0,0,0.000,0.0080,0.0000,0.66,
239,M1,D6,light,25,Australia/Sydney,2026-11-16,false,1.1,1.101,true,90,13,0,0,0,0,0,0,0,0,0,0,0,0.0,0.9684,120.0,60.0,0.9231,1.0000,0.0000,0.0000,1,0.0,0,1.000,0.0080,0.0000,1.59,
239,M2,D6,light,25,Australia/Sydney,2026-11-16,false,1.1,1.101,true,90,13,0,0,0,0,0,0,0,0,0,0,0,0.0,0.9684,120.0,60.0,0.9231,0.9385,0.0615,0.0000,1,170.0,0,1.227,0.0080,0.0000,2.28,
239,M3,D6,light,25,Australia/Sydney,2026-11-16,false,1.1,1.101,true,90,13,0,0,0,0,0,0,0,0,0,0,0,0.0,1.0000,0.0,0.0,1.0000,0.1231,0.6923,0.1846,5,55725.0,22,17.354,0.0249,0.0000,0.97,
240,M0,D1,light,30,Australia/Perth,2026-11-02,false,0.5,0.563,true,120,6,0,0,0,0,0,0,0,0,0,0,0,0.0,1.0000,0.0,0.0,1.0000,1.0000,0.0000,0.0000,0,0.0,0,0.000,0.0557,0.0000,0.55,
240,M1,D1,light,30,Australia/Perth,2026-11-02,false,0.5,0.563,true,120,6,0,0,0,0,0,0,0,0,0,0,0,0.0,1.0000,0.0,0.0,1.0000,1.0000,0.0000,0.0000,0,0.0,0,0.000,0.0557,0.0000,1.40,
240,M2,D1,light,30,Australia/Perth,2026-11-02,false,0.5,0.563,true,120,6,0,1,0,0,0,1,0,0,0,0,0,0.0,1.0000,0.0,0.0,1.0000,0.9767,0.0233,0.0000,1,30.0,0,1.486,0.0464,0.0000,1.43,"2026-11-07: 0 min break, needs 10"
240,M3,D1,light,30,Australia/Perth,2026-11-02,false,0.5,0.563,true,120,6,0,0,0,0,0,0,0,0,0,0,0,0.0,1.0000,0.0,0.0,1.0000,0.0000,0.9767,0.0233,2,427765.0,33,15.855,0.0501,0.0000,0.83,
